12242	
103	Mr. Bill
97	deadmau5
76	Radiohead
74	Snail's House
70	Rival Consoles
70	Max Cooper
53	No Mana
51	Sublab
47	GoGo Penguin
46	Reid Willis
45	trentemøller
45	Rone
43	Porter Robinson
42	C418
41	Throwing Snow
39	Varsity Star
39	CRi
38	Tom Misch
38	Oklou
38	cleopatrick
36	SWIM
36	Charli xcx
34	Röyksopp
34	ODESZA
34	Baths
33	underscores
33	Massive Attack
33	Jasper Tygner
32	Purity Ring
32	Ninajirachi
31	Flume
30	Tigran Hamasyan
30	The Flashbulb
30	20syl
29	Billie Eilish
28	Boards of Canada
27	Rob Clouth
27	Lane 8
27	Clark
27	Brecon
26	Ólafur Arnalds
26	Tutara Peak
26	RADWIMPS
26	NTO
26	Loyle Carner
26	Jon Hopkins
26	Indian Wells
26	Daft Punk
26	BAYNK
26	Aphex Twin
25	Yunomi
25	Pretty Girl
25	Maribou State
25	Hiatus Kaiyote
25	French 79
24	Tom VR
24	Moe Shop
24	Grandbrothers
24	DROELOE
23	ヨルシカ
23	Stephan Bodzin
23	Ochre
23	Kiasmos
23	Jan Blomqvist
23	Ichiko Aoba
23	CloudNone
23	Azaleh
23	A. G. Cook
22	Wednesday
22	Tinlicker
22	Nathan Fake
22	Lilly Legit
22	Inwards
21	Uppermost
21	Uilou
21	Tourist
21	Mild Minds
21	Alex Banks
20	Rodriguez Jr.
20	Robot Koch
20	Ocean Alley
20	Nils Frahm
20	Glass Museum
20	Ekcle
20	David Maxim Micic
20	Chrome Sparks
20	CharlestheFirst
19	Plini
19	Overmono
19	Mammal Hands
19	Frost Children
19	Floating Points
19	Flawed Mangoes
19	Echo Map
19	Direct
19	clammbon
19	Catching Flies
19	Android52
18	Twenty One Pilots
18	Ross from Friends
18	Petit Biscuit
18	Nujabes
18	Geoxor
18	Freeze corleone
18	Culprate
17	Sysdemes
17	Parcels
17	Fred again..
17	Four Tet
17	Endless Dive
17	DVRST
17	alt-J
16	中村佳穂
16	Underbelly
16	Thom Yorke
16	The Smile
16	Swardy
16	Stubborn Heart
16	Stessie
16	Milkoi
16	Lorde
16	FKA twigs
16	edapollo
16	DJ_Dave
16	Cubicolor
16	Cavetown
16	Bonobo
16	BICEP
16	Beacon
16	Bad Computer
15	Yussef Dayes
15	Weval
15	Tom Hodge
15	the peggies
15	Sungazer
15	San Holo
15	Magdalena Bay
15	Little Simz
15	Lena Raine
15	IMANU
15	HAAi
15	Extrawelt
15	Eminem
15	AK
14	yeule
14	South Arcade
14	Sampha
14	Moderat
14	Luke Abbott
14	Kubbi
14	KOAN Sound
14	Kaskade
14	Jane Remover
14	ibi
14	Dark Sky
14	Bloc Party
14	Bakermat
14	Arthur Hnatek
14	Aiobahn
13	Yvette Young
13	Worakls
13	Vessels
13	TORIENA
13	Tomggg
13	Synthion
13	Switch Angel
13	Stimming
13	Slowly Rolling Camera
13	Skrillex
13	Senbeï
13	S1RENA
13	Ron Flatter
13	Népal
13	Non Square
13	nimino
13	Mazde
13	Mat Zo
13	Lusine
13	Louf
13	Haywyre
13	Geotic
13	Floex
13	Digitalism
13	Cinnamon Chasers
13	C2C
13	Aimer
12	Yosi Horikawa
12	Woulg
12	wes mills
12	Tsu Nami
12	the olllam
12	RÜFÜS DU SOL
12	Panda Eyes
12	nano
12	demotapes
12	clipping.
12	Baril
12	Athletic Progression
12	Andrew Huang
11	Tycho
11	The Grogans
11	Telefon Tel Aviv
11	Solomun
11	RY X
11	predawka
11	Polynation
11	PinkPantheress
11	Perturbator
11	Little People
11	kmoe
11	Klangkarussell
11	Kindrid
11	Josh Cohen
11	Jordan Rakei
11	Janus Rasmussen
11	ILLIT
11	il:lo
11	HVOB
11	HoneyComeBear
11	GHOST DATA
11	fusq
11	fox capture plan
11	ford.
11	eliderp
11	DJ Seinfeld
11	Disclosure
11	Christian Löffler
11	Booka Shade
11	Ben Lukas Boysen
11	ATTLAS
11	Amon Tobin
11	Ambassadeurs
10	SBTRKT
10	Never Get Used To People
10	Marley Carroll
10	Kidnap
10	Gui Boratto
10	Gigamesh
10	Feist
10	Ewen-lbh
10	edIT
10	EDDIE
10	Duskus
10	cute girls doing cute things
10	Cosmicosmo
10	Burial
10	Bubble Love
10	Brad Mehldau
10	Blumen
10	Aloboi
 9	美波
 9	Zyra
 9	webcage
 9	Vaetxh
 9	Swimming Paul
 9	Stereoclip
 9	Sound of Fractures
 9	Sneaker Pimps
 9	Prague Radio Symphony Orchestra
 9	Point Point
 9	pluko
 9	Plaid
 9	ONE OK ROCK
 9	Nils Hoffmann
 9	NewJeans
 9	Mr. J. Medeiros
 9	LOOK MUM NO COMPUTER
 9	Knapsack
 9	Just Jack
 9	juniorodeo
 9	James Holden
 9	Iglooghost
 9	Frank Wiedemann
 9	Foehn Trio
 9	Feed Me
 9	Disasterpeace
 9	Cameo Blush
 9	Ametsub
 8	⣎⡇ꉺლ༽இ•̛)ྀ◞ ༎ຶ ༽ৣৢ؞ৢ؞ؖ ꉺლ
 8	Ásgeir
 8	Yppah
 8	Yedgar
 8	Victor Ruiz
 8	Vegyn
 8	Tyler Duncan
 8	The Dø
 8	Stasys
 8	Sainté
 8	RetroVision
 8	Popof
 8	Panam Panic
 8	nicamoq
 8	Mid-Air Thief
 8	Microtrauma
 8	Michael Shimmin
 8	Man Is Not a Bird
 8	Lorn
 8	Llyr
 8	Kristjan Järvi
 8	Kettel
 8	Kelpe
 8	John McSherry
 8	Joachim Pastor
 8	Jim-E Stack
 8	Immortal Onion
 8	IC3PEAK
 8	Howling
 8	Home
 8	Holly Walker
 8	Golden Vessel
 8	False Noise
 8	Dorian Concept
 8	DjRUM
 8	Dior
 8	dark cat
 8	Cö shu Nie
 8	CloZee
 8	Cityfires
 8	Boss Axis
 8	Apparat
 8	Aleksandir
 7	Wavedash
 7	TV Girl
 7	Tsundere Twintails
 7	Tricky
 7	Thylacine
 7	The Micronaut
 7	The Messenger Birds
 7	Tennyson
 7	Squarepusher
 7	Robotaki
 7	Phoenix
 7	OVERWERK
 7	Niklas Paschburg
 7	Misc.Inc
 7	MIKA
 7	Mac Miller
 7	Lamp
 7	La Roux
 7	Joe Ford
 7	jizue
 7	Jesse Mac Cormack
 7	Jeremy Blake
 7	Jai Wolf
 7	Hudson Lee
 7	Harry Hayes
 7	Groundislava
 7	Golden Features
 7	Gold Panda
 7	Fox Stevenson
 7	Fine-Sir-1584660650
 7	Eprom
 7	Disco Lines
 7	bôa
 7	Bearcubs
 7	Barry Can't Swim
 7	Atoms For Peace
 7	AllttA
 7	100 gecs
 6	宇宙ネコ子
 6	キャロル&チューズデイ(Vo.Nai Br.XX&Celeina Ann)
 6	Zes
 6	YOUTH 83
 6	WRLD
 6	Wintergatan
 6	Whethan
 6	Teminite
 6	Tame Impala
 6	Siriusmo
 6	Sideluv
 6	Sayuri
 6	ryscu
 6	Rita J
 6	Reol
 6	quickly
 6	Portico Quartet
 6	Player Dave
 6	Pearly Drops
 6	Ocoeur
 6	Nowfeel
 6	No Spirit
 6	Marc Romboy
 6	Little Dragon
 6	LissA
 6	Laxcity
 6	Kyle Dixon & Michael Stein
 6	Kx5
 6	Kessoncoda
 6	Kendrick Lamar
 6	Jamie xx
 6	Jai Paul
 6	ill.gates
 6	Hatsune Miku
 6	Funi
 6	Fleuves
 6	FJAAK
 6	Everything Is Recorded
 6	Elderbrook
 6	daine
 6	Cö Shu Nie
 6	Casey MQ
 6	Boucle Infinie
 6	Blue Wednesday
 6	Barker
 6	Au5
 6	ATRIP
 6	Alex G
 6	8485
 5	Zedd
 5	Yaron Herman Trio
 5	XIRA
 5	Voyage
 5	Virtual Riot
 5	tsubi club
 5	tricot
 5	Tinashe
 5	TheFatRat
 5	The Silhouettes Project
 5	The Hellp
 5	Synkro
 5	Syberlilly
 5	Soleeman
 5	Skepta
 5	Shire T
 5	Serani Poji
 5	Sandhouse
 5	salute
 5	Sainte
 5	Ryan Davis
 5	projektbau
 5	Paris Paloma
 5	Nordic Pulse Ensemble
 5	Nordic Pulse
 5	Mord Fustang
 5	Minecraft
 5	METRO MEW
 5	meganeko
 5	Lily Allen
 5	Lapalux
 5	Kota Banks
 5	Kofi Stone
 5	KLOUD
 5	Kiid katze
 5	just lil
 5	Jukaa
 5	John Summit
 5	Jerry Folk
 5	Jamiroquai
 5	Jacana People
 5	IHF
 5	IDLES
 5	G Jones
 5	Froman
 5	Fejká
 5	Epic Mountain
 5	Emma Louise
 5	Dead Calm
 5	Danny L Harle
 5	Danger
 5	CRUSH3d
 5	Cid Rim
 5	Big Thief
 5	Bibio
 5	beabadoobee
 5	Avishai Cohen
 5	Atura
 5	Arthur Hnatek Trio
 5	Anamanaguchi
 5	Amtrac
 5	Alison Wonderland
 5	Alfa Mist
 5	Alexander Panos
 5	Alexa Melo
 5	Aether
 4	電音部
 4	Øneheart
 4	Étienne de Crécy
 4	ZIG MENTALITY
 4	Yasumu
 4	XXXTENTACION
 4	xander.
 4	William Hutson
 4	What So Not
 4	Vylet Pony
 4	Voicians
 4	Vitalic
 4	Virtual Self
 4	Vindata
 4	Village
 4	Vanessa Wagner
 4	Tristam
 4	Trans Voices
 4	Totally Enormous Extinct Dinosaurs
 4	Tony Anderson
 4	Toko Miura
 4	toe
 4	Tobu
 4	Tipper
 4	The xx
 4	The Strokes
 4	The M Machine
 4	The Glitch Mob
 4	The Caracal Project
 4	Teho
 4	Ta-ku
 4	Susanne Sundfør
 4	Supershy
 4	Sto
 4	Skope
 4	Sharks
 4	Serph
 4	Secede
 4	SawanoHiroyuki[nZk]
 4	Sakuraburst
 4	Robyn
 4	Rage Against The Machine
 4	Qrion
 4	Py
 4	PrototypeRaptor
 4	piri
 4	Phuture Doom
 4	Phantogram
 4	Pedestrian Tactics
 4	Parra for Cuva
 4	Ordley
 4	O'Flynn
 4	Nuage
 4	Notaker
 4	Noisia
 4	New Astronomy
 4	NERO
 4	Neil Cowley
 4	Mura Masa
 4	Morgan Page
 4	Monuman
 4	Montee
 4	Mont Duamel
 4	MINNIE
 4	MGMT
 4	Memphis LK
 4	MELVV
 4	Martina Topley-Bird
 4	Lucid Keys
 4	leon chang
 4	League of Legends
 4	LAO Experiment
 4	Lamorn
 4	Kyle Preston
 4	Kokonoku
 4	Kinokoteikoku
 4	Kenya Grace
 4	Kelly Lee Owens
 4	Kaeto
 4	Jonathan Snipes
 4	John Tejada
 4	Jaron
 4	James Ivy
 4	ILĀ
 4	HUS
 4	gyrofield
 4	Grimes
 4	GEN.KLOUD
 4	Fractures
 4	Fiona Sally Miller
 4	Everyone You Know
 4	Eric Prydz
 4	Dylan Brady
 4	DRAMA
 4	DOT5
 4	Dominik Eulberg
 4	DEADLIFE
 4	Daveed Diggs
 4	Daktyl
 4	Colyn
 4	Coals
 4	Chet Porter
 4	BOP
 4	Bladee
 4	Bicep
 4	Ben Böhmer
 4	Bby Eco
 4	Autograf
 4	Arlo
 4	Aparde
 4	Aoki Takamasa
 4	Antonin Volson
 4	Alpha Wann
 4	Aedan
 4	Adriatique
 4	[Post-foetus]
 4	3LAU
 4	1-800 GIRLS
 3	花譜
 3	物語シリーズ
 3	安田みずほ
 3	佐咲紗花
 3	µ-Ziq
 3	||||||||||||||||||||
 3	Zeds Dead
 3	Zebbler Encanti Experience
 3	Yukimi
 3	YOASOBI
 3	Yeah Yeah Yeahs
 3	Yaron Herman
 3	XG
 3	wilt
 3	weird inside
 3	vowl.
 3	Vitesse X
 3	Villager
 3	Vilja Larjosto
 3	Viktoria Liv
 3	Vijay Iyer Trio
 3	Vasudeva
 3	Valhalla
 3	umru
 3	TWO LANES
 3	Tujiko Noriko
 3	tsvaci
 3	Tommy Villiers
 3	Tokyo Machine
 3	TOKiMONSTA
 3	Thrupence
 3	Thomas Schumacher
 3	The Toxic Avenger
 3	The Range
 3	The Black Dog
 3	Terrace Martin
 3	tender spring
 3	Tchami
 3	Taut
 3	Sycco
 3	Swørn
 3	SWIMS
 3	sunflwr
 3	Sunda Arc
 3	Summers Sons
 3	Sultan + Shepard
 3	Sub Focus
 3	Snoop Dogg
 3	Slow Pulp
 3	sleepmakeswaves
 3	Shlohmo
 3	Shiloh Dynasty
 3	Seb Wildblood
 3	Sarah Rebecca
 3	Samuel Organ
 3	sakanaction
 3	Sakanaction
 3	SAGES
 3	Sabrina Song
 3	Rromarin
 3	Royal Blood
 3	Roundabout
 3	ROSÉ
 3	Rootkit
 3	Rome in Silver
 3	Rohaan
 3	Robert Glasper
 3	Rob Swire
 3	Rionos
 3	REVERSE
 3	Revenant
 3	Remi Gallego
 3	Reiny
 3	Reid Michael Willis
 3	RefraQ
 3	Re-Logic
 3	Ravenna Golden
 3	Rauschhaus
 3	Rachie
 3	Pìjus
 3	Pyramid
 3	PYLOT
 3	Power Glove
 3	Portugal. The Man
 3	phritz
 3	Philip Glass
 3	Pharrell Williams
 3	Peter Broderick
 3	Patricia Taxxon
 3	Oyeme
 3	Oxia
 3	Ouri
 3	Otha
 3	Oolacile
 3	omniboi
 3	Of The Trees
 3	Odd Mob
 3	Nyarons
 3	notsure
 3	North Sky
 3	Nora En Pure
 3	Nitro Fun
 3	Nilüfer Yanya
 3	Nightmargin
 3	Night Tapes
 3	NewDad
 3	Nettspend
 3	Neil Cowley Trio
 3	Murcof
 3	Mount Kimbie
 3	Morcheeba
 3	Monsoonsiren
 3	Monolink
 3	Miso Extra
 3	Miscellaneous
 3	Miraa May
 3	Minnesota
 3	Mees Dierdorp
 3	meat computer
 3	Max Richter
 3	Maurissa Rose
 3	Malou
 3	Makeup And Vanity Set
 3	Magic Sword
 3	Madeon
 3	Mad Zach
 3	M.A.N.D.Y.
 3	M83
 3	LUV HRTS
 3	Luther
 3	Loukeman
 3	Loreen
 3	London Elektricity
 3	limedisx.
 3	Lifeformed
 3	Lianne La Havas
 3	Le Matos
 3	Lawrence Hart
 3	Laura Brehm
 3	Late June
 3	Lake Turner
 3	La Chica
 3	KUČKA
 3	Kupla
 3	Kotori
 3	Knucks
 3	Knock2
 3	Kizuna AI
 3	Kito
 3	Kiesza
 3	KETTAMA
 3	Kensuke Ushio
 3	Kazukii
 3	Kathrin deBoer
 3	Kasbo
 3	Kareful
 3	Kanye West
 3	Juno Mamba
 3	JPEGMAFIA
 3	josh pan
 3	Joris Delacroix
 3	jigitz
 3	Jessica Ess
 3	Jesper Ryom
 3	Jake Chudnow
 3	Jahrund
 3	Jacques Greene
 3	Jacal
 3	J. Cole
 3	Ital Tek
 3	Ishmael Ensemble
 3	Interpol
 3	Infected Mushroom
 3	In Love With a Ghost
 3	iamalex
 3	i_o
 3	Hudson Mohawke
 3	Horace Andy
 3	Hiromi
 3	HAYLA
 3	HAELIUM
 3	Habstrakt
 3	Grant
 3	Grabbitz
 3	Gorillaz
 3	Godford
 3	glittr
 3	GIVVEN
 3	Gidge
 3	Gesaffelstein
 3	George FitzGerald
 3	Gavin Turek
 3	gabby start
 3	Fūji
 3	Frere
 3	Former Hero
 3	Forester
 3	Flux Pavilion
 3	FlowerBoyDeMii
 3	EZIA
 3	Eyezic
 3	Ethan Bortnick
 3	Esseks
 3	ena mori
 3	Emmit Fenn
 3	Emilia Ali
 3	Elley Duhé
 3	Eliza Doolittle
 3	Elektrochemie
 3	DíSA
 3	Dr. Dre
 3	Douvelle19
 3	DJ HEARTSTRING
 3	DJ BORING
 3	Depeche Mode
 3	defsharp
 3	DARK
 3	Daoko
 3	Danny Brown
 3	Danni Carra
 3	Daniel Allan
 3	D.O.D
 3	CUT_
 3	Crywolf
 3	Crystal Castles
 3	crushed
 3	Cosette
 3	Conducta
 3	Com Truise
 3	Colleen D'agostino
 3	cln
 3	Chet Faker
 3	Caroline Polachek
 3	Canblaster
 3	camoufly
 3	CAITLIN
 3	C4C
 3	Bruno Mars
 3	Bruno Bavota
 3	Bruce Brubaker
 3	Bring Me The Horizon
 3	Brandt Brauer Frick
 3	Björk
 3	Birocratic
 3	Bipolar Sunshine
 3	Bertie Scott
 3	Bernache
 3	Bayonne
 3	Bassi Fox
 3	Barrie
 3	Baauer
 3	azula
 3	Avicii
 3	AURORA
 3	AtHeart
 3	Art School Girlfriend
 3	Antenna Girl
 3	Anomalie
 3	anifi
 3	Andrew Bayer
 3	Anderson .Paak
 3	Alydian
 3	ALOTT
 3	Alora Farenweh
 3	airshade
 3	Ado
 3	Acopia
 3	Aaron Parks
 3	A.L.I.S.O.N
 3	A-bug
 3	A$AP Rocky
 3	A Path Untold
 3	2hollis
 3	2 Mello
 2	･ ･－･ ･－ ･･･ ･ －･･
 2	稲葉曇
 2	犬吠埼紫杏 (CV: 長谷川玲奈)
 2	エミリア(CV:高橋李依)
 2	んoon
 2	『ユイカ』
 2	☆NoAki☆
 2	фрози
 2	Âme
 2	ZUTOMAYO
 2	Zeu
 2	Zero 7
 2	Zammuto
 2	Yves
 2	yunè pinku
 2	YULLOLA
 2	Youandewan
 2	yanaginagi
 2	YAKUSHIMARU Etsuko
 2	Yael Naim
 2	yaego
 2	Xguiz
 2	xaev
 2	wzrdd
 2	wylie hopkins
 2	Wolf Alice
 2	wiv
 2	With a Smile
 2	wishlane
 2	Winnie Ford
 2	Winifred
 2	Waveshaper
 2	Waterflame
 2	Waldo's Gift
 2	Vundabar
 2	vimae
 2	Viktor Orri Árnason
 2	Vicetone
 2	Veyko
 2	Veronika Redd
 2	Verneri Pohjola
 2	Vera Blue
 2	venturing
 2	Venjent
 2	Venetian Snares
 2	Veela
 2	Vaundy
 2	Vajra
 2	Vaarwell
 2	UTO
 2	upusen
 2	Unfound
 2	Ujico*
 2	TrySail
 2	Tritonal
 2	Trippie Redd
 2	Trifonic
 2	Trevor Alan Gomes
 2	ToyTree
 2	Toro y Moi
 2	Tora
 2	Tommy Trash
 2	Tom Frane
 2	Tom Finster
 2	Tom Ashbrook
 2	Tom Adams
 2	Tobie Tripp
 2	Toaka
 2	Tisoki
 2	Tim Schaufert
 2	Thy Slaughter
 2	Thomas Barrandon
 2	Theo Young
 2	The Surrealist
 2	The Midnight
 2	The Living Tombstone
 2	The Avalanches
 2	Teen Daze
 2	TDJ
 2	Taska Black
 2	Tami T
 2	takeo
 2	System Of A Down
 2	SYML
 2	Syence
 2	Sven Helbig
 2	Supernaive
 2	Sunny Lax
 2	sundial
 2	Suki Waterhouse
 2	Subtronics
 2	Subtact
 2	Strawberry Girls
 2	Stephen Walking
 2	Stella Explorer
 2	Starjunk 95
 2	Stage Kids
 2	spill tab
 2	Spencer Brown
 2	Space Dimension Controller
 2	SOTA
 2	Sorza
 2	sophro
 2	Sophie Hutchings
 2	Sophia Bel
 2	Sonnee
 2	Sonic Boom
 2	Son Lux
 2	Solee
 2	Sol Seppy
 2	Sofia Kourtesis
 2	SOFA
 2	Soda Island
 2	smle
 2	Slyleaf
 2	SLUMBERJACK
 2	Slow Shudder
 2	Slippy
 2	Sleepy Fish
 2	Sl1ck
 2	Skin On Skin
 2	Skee Mask
 2	Skalpel
 2	sir Was
 2	Simon Phillips
 2	Simian Mobile Disco
 2	Silence
 2	Siinamota
 2	Sick Joy
 2	Shook
 2	ShockOne
 2	Shingo Nakamura
 2	Shing02
 2	Shift K3Y
 2	Shai Maestro
 2	Shades
 2	Sevish
 2	Seth Hills
 2	Serebii
 2	Sebastian Mullaert
 2	Scro
 2	Scratch Bandits Crew
 2	ScHoolboy Q
 2	Schmoop
 2	Scarlet House
 2	Savannah Jo Lack
 2	SAULT
 2	saoirse dream
 2	Sammy Virji
 2	SadBoyProlific
 2	Sabrina Carpenter
 2	Sabrepulse
 2	RŮDE
 2	rémi.fr
 2	Russ Davies
 2	Royal & the Serpent
 2	Ronald Jenkees
 2	Romy
 2	Romain Garcia
 2	Rokudenashi
 2	Rocco Palladino
 2	Rob Scallon
 2	RIOT
 2	Rinzen
 2	Richard Caddock
 2	Reset Robot
 2	Repiet
 2	ReoNa
 2	Red Hot Chili Peppers
 2	Recue
 2	raychel jay
 2	Ralph Heidel
 2	Rahel
 2	Rafik
 2	RAC
 2	Raashan Ahmad
 2	R. Missing
 2	R U OFF
 2	puulse
 2	Protostar
 2	Poté
 2	Potions
 2	Posij
 2	Port London
 2	Poppy Baskcomb
 2	Polyphia
 2	PINES
 2	Pilotpriest
 2	Pig&Dan
 2	Photay
 2	Phoelix
 2	Pauline Herr
 2	Paper Skies
 2	Pantha Du Prince
 2	Pandrezz
 2	pale fortress
 2	Pablo Rochat
 2	P3PPER
 2	Owsey
 2	Owl City
 2	Osirus Jack
 2	Oscar Farrell
 2	orchid.exe
 2	Orchestre National De Lyon
 2	orbit
 2	Olivera
 2	Oliver Tree
 2	Oliver Schories
 2	Oliver Henry
 2	Oli XL
 2	Olga Wojciechowska
 2	Odile Myrtil
 2	OddKidOut
 2	OCULA
 2	Obi Franky
 2	numeral
 2	NUEQ
 2	Notre Dame
 2	NOTION
 2	Nosaj Thing
 2	Noir & Haze
 2	Nocturnal Sunshine
 2	Nix Northwest
 2	Nile Rodgers
 2	Nikitch
 2	Nigel Good
 2	Niels Broos
 2	Nick León
 2	Nick Hakim
 2	Nhyx
 2	New Road
 2	Netik
 2	Nelly Furtado
 2	Natsunose
 2	Møme
 2	M|O|O|N
 2	MYRNE
 2	MYLK
 2	mykel
 2	My Friend
 2	Mr. Oizo
 2	Moses Yoofee Trio
 2	MOONZz
 2	Mooncake
 2	Moon Jelly
 2	Monma
 2	Mondo Loops
 2	Mondingo
 2	Mona Yim
 2	Mona San
 2	Mogli
 2	Modeselektor
 2	Modem.
 2	Model Man
 2	Mo Beats
 2	mizuki
 2	Miss Monique
 2	Minihi
 2	Mind Against
 2	milet
 2	Miko
 2	Mike Vass
 2	MIDNIGHT PHUNK
 2	Midnight Dance Party
 2	Michael Kiwanuka
 2	Metropole Orkest
 2	Metric
 2	Memorex Memories
 2	mell-ø
 2	meesh
 2	Medyk
 2	McCall
 2	Max Day
 2	Maverick Sabre
 2	Matt Lange
 2	Matt Fax
 2	Massane
 2	Masego
 2	Mark Guiliana
 2	Marek Hemmann
 2	Marco Demark
 2	Marcioz
 2	Maps
 2	Mannequin Pussy
 2	Manila Killa
 2	maniken05
 2	Mallrat
 2	Madison
 2	LÜNE
 2	Løgømyx
 2	Léa Sen
 2	luvbyrd
 2	Luna Semara
 2	Ludovico Einaudi
 2	Lucy Rose
 2	LP Giobbi
 2	Louis Futon
 2	LONOWN
 2	London Symphony Orchestra
 2	Lokane
 2	Logic1000
 2	lofi cassette
 2	Loco Dice
 2	Lissie
 2	Lisa Mitchell
 2	Liquid Stranger
 2	Lipless
 2	Linkin Park
 2	Limonène
 2	Lily Ward
 2	Lil Hank
 2	Lights
 2	Leslie
 2	Les Siècles
 2	Lemon Demon
 2	Lemaitre
 2	LEISURE
 2	LEAP
 2	Laurent Garnier
 2	Laura Shigihara
 2	Laufey
 2	Lastlings
 2	Lambert
 2	Lala Lala
 2	LAAKE
 2	La Fine Equipe
 2	L'Indécis
 2	Kyary Pamyu Pamyu
 2	Kronol
 2	Koven
 2	Koreless
 2	Konvex (FR)
 2	Konvex & The Shadow
 2	kokoro
 2	Kllo
 2	kittito
 2	kiskadee
 2	Kinneret
 2	KING BOOO!
 2	Kimyan Law
 2	Khruangbin
 2	KH
 2	Kero Kero Bonito
 2	Kenton Slash Demon
 2	Kentaro
 2	Kelly Moran
 2	Keinseier
 2	Kato
 2	Kasablanca
 2	Karma Fields
 2	Karl Jenkins
 2	Karen Harding
 2	Kamasi Washington
 2	Kalaido
 2	Kakkmaddafakka
 2	Kaidi Akinnibi
 2	Jyll
 2	JustJono
 2	Justine Suissa
 2	Justice
 2	Just A Gent
 2	Jungle
 2	Jumo
 2	Julien Marchal
 2	Julianna Barwick
 2	Julia Church
 2	Jules Buckley
 2	Jreg
 2	Joshy
 2	Joshua de la Victoria
 2	Josh Arcoleo
 2	Jorja Smith
 2	JOPLYN
 2	Jonas Blue
 2	Jon Gurd
 2	Jolynn J Chin
 2	John Hayes
 2	Joey Cash
 2	Joey Bada$$
 2	Joep Beving
 2	Joe Hertz
 2	Jinjé
 2	Jimbo Jones
 2	JEV
 2	Jeshi
 2	Jersey
 2	Jenni Potts
 2	JAY-Z
 2	Jasq
 2	Janice Kwan
 2	Jamie Paige
 2	jamesjamesjames
 2	James Yorkston
 2	james K
 2	Jakub Zytecki
 2	Jake Weary
 2	Jadu Heart
 2	Jade Sierra
 2	Jade Cicada
 2	j1gggs
 2	Izzy Camina
 2	Izza Gara
 2	Ivy Hollivana
 2	ivri
 2	ISOxo
 2	Isaac Delusion
 2	INZO
 2	Intervals
 2	INKY!
 2	inkwill
 2	informal.
 2	In Embers
 2	Imogen Heap
 2	iMeiden
 2	imallryt
 2	imagiro
 2	Ilaria Graziano
 2	Ichika Nito
 2	Icarus
 2	Hyper Potions
 2	Hydelic
 2	Huminal
 2	Hotel Pools
 2	Hope Sandoval
 2	Hologramme
 2	High Priest
 2	Hidden Orchestra
 2	Hex Cougar
 2	Hermitude
 2	Helsloot
 2	heartaake
 2	Headie One
 2	Hayley Williams
 2	Hayla
 2	HARU NEMURI
 2	Harrison
 2	Harald Björk
 2	Hanumankind
 2	Hania Rani
 2	HANA
 2	han.irl <3
 2	Halfbrick
 2	halca
 2	Grievous Bodily Calm
 2	Gregory Porter
 2	goddard.
 2	Glückskind
 2	girl in red
 2	Giorgia Angiuli
 2	Gibran Alcocer
 2	ghost.
 2	Gesu No Kiwami Otome
 2	Georgia
 2	Geoff Barrow
 2	Geller
 2	Gazo
 2	gardenstate
 2	Ganja White Night
 2	fyoum
 2	Future
 2	Funkin Matt
 2	From Ashes to New
 2	Frizk
 2	Frequent
 2	Freddy Todd
 2	Frazer Ray
 2	François-Xavier Roth
 2	Foster The People
 2	Former
 2	Forhill
 2	Foam and Sand
 2	Flying Lotus
 2	Florence Road
 2	Flexible Fire
 2	Fizzy Blood
 2	FISHER
 2	Finn Keane
 2	Fi Sullivan
 2	Fhin
 2	Few Nolder
 2	FENIM0RE
 2	Felsmann + Tiley
 2	Feiertag
 2	Fabrik
 2	F.O.O.L
 2	Ezra Collective
 2	Exist Strategy
 2	Evan Duffy
 2	Evalyn
 2	EVADE FROM 宇宙
 2	Eugene Godsoe
 2	Errance
 2	Erika de Casier
 2	Erick the Architect
 2	ERA C
 2	ENiGMA Dubz
 2	EMSKI
 2	Emi Grace
 2	EMBRZ
 2	Else
 2	Elohim
 2	Ellie Goulding
 2	Elizabeth Fraser
 2	Elisa Imperilee
 2	Elijah Lee
 2	Eli & Fur
 2	Electrocado
 2	EGOIST
 2	ef
 2	Eekkoo
 2	Ebi Soda
 2	Eastghost
 2	Eartheater
 2	Eagle Eyed Tiger
 2	Dyson
 2	Duumu
 2	Dusty Brown
 2	Dusqk
 2	Dusky
 2	Dubmood
 2	DOVE
 2	Doums
 2	Dontcry
 2	DOMi & JD BECK
 2	DJ Shadow
 2	DJ Planet Express
 2	DJ Fresh
 2	DJ Danny
 2	DJ Counselling
 2	DIRTY GLASSEZ
 2	Dirk Brossé
 2	Dinner Party
 2	Dimension
 2	Different Heaven
 2	Devon Again
 2	Desired
 2	Deorro
 2	Denzel Curry
 2	Delilah Holliday
 2	Delayde
 2	deadmay5
 2	Dead Astronauts
 2	De La Soul
 2	David Alberman
 2	Datassette
 2	Darby
 2	Daphni
 2	Daniel Brandt
 2	Damon Albarn
 2	cYsmix
 2	CYRK
 2	Cylvester
 2	Cult Member
 2	CRNKN
 2	Cozmoe
 2	Cozi Zuehlsdorff
 2	Covex
 2	Covet
 2	Couros
 2	Corinne Bailey Rae
 2	CORBAL
 2	Conrad.
 2	Confidence Man
 2	Colin Benders
 2	cocabona
 2	Clockvice
 2	Clem Beatz
 2	Clean Bandit
 2	Clara La San
 2	Clams Casino
 2	Cise Starr
 2	CHVRCHES
 2	Christopher Stephen Clark
 2	Chris Luno
 2	Chris James
 2	chloe moriondo
 2	Chipzel
 2	Charlotte Plank
 2	Charlie Shell
 2	Chappell Roan
 2	Chapelier Fou
 2	Channy Leaneagh
 2	Central Cee
 2	Celldweller
 2	Cat Dealers
 2	Casey Barnes
 2	Carmine Lauri
 2	Caribou
 2	CamelPhat
 2	Calum Bowen
 2	C.Tappin
 2	BRUX
 2	Bronze Whale
 2	brillion.
 2	Breakbot
 2	Braken
 2	Braids
 2	Borneo
 2	Boris Brejcha
 2	Bobbing
 2	Blue Mora
 2	Blood Cultures
 2	Blonde Redhead
 2	Blksmiith
 2	blink-182
 2	BlankFor.ms
 2	Black Country
 2	Binkbeats
 2	Billain
 2	Biicla
 2	Bien
 2	Benyayer
 2	Benjamin Faugloire
 2	Ben Prunty
 2	Beki Mari
 2	Beat Vince
 2	Bcalm
 2	Baxter Dury
 2	Bassvictim
 2	Basement Jaxx
 2	barking continues
 2	Barclay Crenshaw
 2	Banks
 2	Banji
 2	Bag Raiders
 2	Bad Snacks
 2	Background Berry
 2	BABii
 2	Aṣa
 2	Avionics
 2	AVELLO
 2	AVAION
 2	Auvic
 2	Audien
 2	Audialist
 2	ASHE
 2	Arms and Sleepers
 2	Ark Patrol
 2	Arctic Lake
 2	aon
 2	anubhab
 2	Anthony Jackson
 2	Anri
 2	another silent weekend
 2	Anna of the North
 2	Anjulie
 2	ANII
 2	Angrybaby
 2	Andreya Triana
 2	andhim
 2	Anatole Muster
 2	Amos Roddy
 2	Amixem
 2	Alvvays
 2	Aluna
 2	Alps 2
 2	Alle Farben
 2	Alix Perez
 2	Alfonso Peduto
 2	Alex Bone
 2	Aleksandra Djelmas
 2	aldrch
 2	Alan Braxe
 2	Air
 2	AIGEL
 2	AFX
 2	Afternoon Bike Ride
 2	aespa
 2	admo
 2	Adieu Aru
 2	Addison Rae
 2	Acid Pauli
 2	Above & Beyond
 2	AAAMYYY
 2	$uicideboy$
 2	1991
 2	68+1
 2	9th Wonder
 2	7calibur
 2	4lienetic
 2	2touch
 1	김진산
 1	黒鉄たま (CV: 秋奈)
 1	鹿乃子のこ (CV.潘めぐみ)
 1	馬車芽めめ (CV.和泉風花)
 1	阿保剛
 1	長瀬有花
 1	重音テト
 1	虎視餡子 (CV.田辺留依)
 1	虎視虎子 (CV.藤田 咲)
 1	藤咲凪
 1	茅野ふたば (CV: 堀越せな)
 1	茅原実里
 1	羽生まゐご
 1	白金 煌 (CV: 小宮有紗)
 1	灰島銀華 (CV: 澁谷梓希)
 1	泰葉
 1	水上 雛 (CV: 大森日雅)
 1	櫻坂46
 1	東雲和音 (CV: 天音みほ)
 1	日高零奈 (CV: 蔀 祐佳)
 1	日南結里
 1	攬佬SKAI ISYOURGOD
 1	憂鬱
 1	悔那些年
 1	平間美賀
 1	可不
 1	公衆道徳
 1	兎乃りん
 1	九十九佐命
 1	久石 譲 アンサンブル
 1	ロクデナシ
 1	ハチワレ(CV:田中 誠人)
 1	カニ研究会
 1	はしメロ
 1	にしな
 1	ちゅーたん(CV:早見沙織)
 1	たかはしほのか
 1	しゃろう
 1	しがない高校生
 1	いとうかなこ
 1	△▃△▓
 1	Хадн дадн
 1	Лисса
 1	Лиза Садриева
 1	КРИСПИ
 1	ÜHÜ
 1	ønewin
 1	Økapi
 1	Ö
 1	ÆON:MODE
 1	ZØMB
 1	ZYZZCVNT
 1	ZWE1HVNDXR
 1	ZUN
 1	Zozo
 1	Zoutr
 1	Zongamin
 1	ZIMZAM
 1	Zimmer
 1	ZillaKami
 1	ZHU
 1	Zeruel
 1	Zermatt
 1	zensei ゼンセー
 1	Zenpaku
 1	ZeddMusique
 1	Zara Larsson
 1	Zacharie Ksyk
 1	zabutom
 1	Yves Tumor
 1	yuugen
 1	Yuuf
 1	YUSSI
 1	yuragi
 1	YUQI
 1	Yuno Miles
 1	Yuno
 1	YUNGBLUD
 1	yung kai
 1	Yui Makino
 1	YUI
 1	Yue
 1	YSI
 1	Yoüg
 1	Yoyou
 1	Yoyle Cake
 1	Youthstar
 1	Younger Brother
 1	Youngblood Hawke
 1	Young Thug
 1	Young Montana?
 1	Youn Kamm
 1	Yoshihiko Ishizaka
 1	Yoe Mase
 1	Yo Speed
 1	YNG Martyr
 1	Yndling
 1	Ymmas
 1	YMIR
 1	ylxr
 1	YKARE
 1	Yes
 1	yerbby
 1	YENA
 1	Yemamusic
 1	Yellow House
 1	Yehezkel Raz
 1	Yebba
 1	Yearn
 1	Yazz Ahmed
 1	yawn.
 1	yatashigang
 1	Yarni
 1	Yannek Maunz
 1	YagoMeans
 1	Yaeji
 1	Yaeger
 1	YAANO
 1	Y U QT
 1	xxtristanxo
 1	Xploshi
 1	Xploding Plastix
 1	XOR Gate
 1	xfchiba
 1	Xant.
 1	Xades
 1	WYNNE
 1	Wyclef Jean
 1	Wurme
 1	Wu-Lu
 1	Wretch 32
 1	Woven
 1	wornoc
 1	World News
 1	Wonstein
 1	Wolfgang Gartner
 1	wokeups
 1	WOHBO
 1	Woesum
 1	WLFY
 1	Wizard Apprentice
 1	Witness
 1	Witch Hands
 1	Wisp X
 1	Wisp
 1	winnterzuko
 1	Wind Walkers
 1	wilo wilde
 1	Willow Sage Hart
 1	Willmo
 1	Willaris. K
 1	Will Sass
 1	Will Jay
 1	Will Heard
 1	Wiljan
 1	Wilderthorn
 1	Whysp
 1	WhoMadeWho
 1	While She Sleeps
 1	Wheatus
 1	whateveryouwantband
 1	WESTSIDE BOOGIE
 1	Wesley Joseph
 1	Wenzl McGowen
 1	WENZL
 1	WEISS
 1	weirdo girl
 1	Weezer
 1	WEDNESDAY CAMPANELLA
 1	Wayward
 1	Wasiu
 1	Warpaint
 1	WARGASM (UK)
 1	WaMi
 1	Walk:r
 1	w. baer
 1	W2
 1	VØJ
 1	VØ
 1	vyrval
 1	VTSS
 1	Vorso
 1	Vooo
 1	Von Sell
 1	Volor Flex
 1	VOLO
 1	Voka Gentle
 1	VOISART
 1	void angel
 1	VodomiroV
 1	VLMV
 1	Vladimir Lalić
 1	Vlada Vesna
 1	vivid undress
 1	Vital
 1	VISLA
 1	Virgin Miri
 1	VIOLENT VIRA
 1	Vin
 1	Vikkstar
 1	Vic Fuentes
 1	Via Luna
 1	vi0let
 1	very cool tutorials
 1	Veridis Project
 1	Venna
 1	veneris
 1	Vega Trails
 1	Veda
 1	vecher 1998
 1	vbnd
 1	Vayre
 1	Vauh
 1	Varra
 1	Vanessa Daou
 1	Vandelux
 1	Vanatice
 1	Vampire Weekend
 1	Vampillia
 1	Valeria Litvakov
 1	Valentina Magaletti
 1	Valentin Stip
 1	Vacant
 1	Vaance
 1	User-177606669
 1	Urbangarde
 1	Urban Cone
 1	Unusual Cosmic Process
 1	Unquote
 1	Unlovable
 1	Unknown Mortal Orchestra
 1	Unique Repeat
 1	Undulae
 1	Unclekamo
 1	ultra caro
 1	Ugolino
 1	UFOs
 1	ueil
 1	Uchu Nekoko
 1	U-zhaan
 1	Tzar
 1	Typesun
 1	Tyler Myerberg
 1	Tyler
 1	Ty
 1	Two Steps from Hell
 1	Two People
 1	Two Door Cinema Club
 1	Twit One
 1	TWISTED
 1	Twista
 1	TV On The Radio
 1	Turt
 1	tuki.
 1	Tudor
 1	TTSSFU
 1	Tsundere Labs Inc
 1	Tsukasa Yuzaki
 1	Tryhardninja
 1	True Peak Limit
 1	True Blue
 1	Tropics
 1	TrOLL3R
 1	Trilucid
 1	Trikk
 1	Trifect
 1	Trian Kayhatu
 1	Trey Mirror
 1	Trey Frey
 1	Trent Reznor and Atticus Ross
 1	TREGS
 1	Travis Scott
 1	Transviolet
 1	Transcoded
 1	TRAILS
 1	Tracey Thorn
 1	Tover
 1	Touring
 1	Touching Ice
 1	Tosin Abasi
 1	tortuganónima
 1	TORN
 1	Tori Romo
 1	Tor
 1	Tony Romera
 1	Tonnerre
 1	Tonebox
 1	Tomáš Dvořák
 1	Tomofumi Tanizawa
 1	Tomo
 1	TommyMuzzic
 1	Tommy Richman
 1	Tommy Lunaire
 1	Tommy Fleece
 1	Tommy Farrow
 1	tomcbumpz
 1	Tomasz Dolski
 1	Tomas Barfod
 1	Tom Wilson
 1	Tom Odell
 1	Tom Jarmey
 1	Tom Doolie
 1	Tokyo Prose
 1	tofubeats
 1	Todd Edwards
 1	Todd Baker
 1	Toby Fox
 1	Tobias Jesso Jr.
 1	Toasty
 1	Tiësto
 1	Tinzo
 1	Tiny Leaves
 1	TIN
 1	Timo Jahns
 1	Timbaland
 1	Tima Dee
 1	Tima
 1	Tilla
 1	Tigerstyle
 1	Tiffany Day
 1	Tif Lamson
 1	Tielle
 1	Tides From Nebula
 1	Tibeauthetraveler
 1	Three Trapped Tigers
 1	Three Thieves
 1	Three Days Grace
 1	THREAT AGENT
 1	Those Who Ride With Giants
 1	thornskin
 1	thomfjord
 1	Thomas Roussel
 1	Thomas Ragsdale
 1	Thomas Bergersen
 1	Thomas Bangalter
 1	Thomas Adagio
 1	Thoma
 1	Theodore Shapiro
 1	Them & I
 1	The Widdler
 1	The Who
 1	The Whitest Boy Alive
 1	The Whip
 1	The Westerlies
 1	The West Green Quartet
 1	The Virus and Antidote
 1	The Sweet Enoughs
 1	The Streets
 1	The Smashing Pumpkins
 1	The Shins
 1	The Raveonettes
 1	The Orion Experience
 1	The Omnific
 1	The Offspring
 1	The Ocean
 1	The Notorious B.I.G.
 1	The Noisy Freaks
 1	The Neighbourhood
 1	The Moth & The Flame
 1	The Marías
 1	The Knocks
 1	The Kid LAROI
 1	The Irrepressibles
 1	The Intersphere
 1	The Gaslamp Killer
 1	The Funk Hunters
 1	The Flaming Lips
 1	The Field
 1	The English Gentlemen
 1	The Dead Bolts
 1	The Cucumbers
 1	The Crystal Casino Band
 1	The Creator
 1	The Crayon Set
 1	The Common Ground Ensemble
 1	The Cinematic Orchestra
 1	The Chick Corea New Trio
 1	THE CHARM PARK
 1	The Chalkeaters
 1	The Chain Gang Of 1974
 1	The Cataracs
 1	The Boy Who Drink Stars
 1	The Blessed Madonna
 1	The Blaze
 1	The Black Ghosts
 1	The Bird
 1	The Bianca Story
 1	The Aston Shuffle
 1	The Animal Spirits
 1	The Amplifetes
 1	The Acid
 1	Thaïs Lona
 1	That Mexican OT
 1	That Kid
 1	Tha Fruitbat
 1	Tevvez
 1	TetraTara
 1	TesseracT
 1	Terrafractyl
 1	Tepr
 1	TENDER
 1	TEN
 1	TEME
 1	Telosia
 1	Telkin
 1	Tekvision
 1	TEK.LUN
 1	Tek Genesis
 1	Teira
 1	TEED
 1	Tearz
 1	Team Astro
 1	Tate McRae
 1	Task Horizon
 1	Tasha Baxter
 1	Tarriona 'Tank' Ball
 1	Tarrak
 1	Tapage
 1	Tanukichan
 1	Tanin Jazz
 1	Tangerine Kitty
 1	Tale Of Us
 1	Takénobu
 1	Takeshi Saito
 1	takahiro(FKS)
 1	TAK
 1	Tails
 1	Tailor
 1	Taiki Nulight
 1	TABAL
 1	t.A.T.u.
 1	T-Pain
 1	T3NZU
 1	t0ni
 1	Sátyr
 1	Szjerdene
 1	Syrup
 1	Synthatic
 1	Syncretia
 1	Syn Cole
 1	SyKo
 1	sxth sns
 1	Swy3r
 1	Swing
 1	SWEETGUM
 1	Sweet William
 1	Sweet Trip
 1	Sweeps
 1	swedm®
 1	Swedish House Mafia
 1	Sven Wunder
 1	SVDKO
 1	Svaneborg Kardyb
 1	Suzi Analogue
 1	Suzanne Vega
 1	SusTrapperazzi
 1	Sushi Killer
 1	surfbored.
 1	Surf Mesa
 1	Suray Sertin
 1	Surasshu
 1	Superstructure
 1	Superpoze
 1	Supermode
 1	supast4r
 1	Sundial
 1	Sunday Scaries
 1	Sun Glitters
 1	sumthin sumthin
 1	SUICIDAL-IDOL
 1	Subwave
 1	Substantial
 1	Subsets
 1	Submotion Orchestra
 1	SubDocta
 1	Su Na
 1	styllunknown
 1	Stupeflip
 1	Stuck Together
 1	Strobes
 1	STRLGHT
 1	Stresshead
 1	Strehlow
 1	Streaming Music Studios
 1	Stimming x Lambert
 1	Stil & Bense
 1	Steve Reich
 1	Steve Lacy
 1	Steve Hauschildt
 1	Steve Aoki
 1	Sterling Press
 1	Stereoman
 1	STEREO DIVE FOUNDATION
 1	Stephan Zovsky
 1	Stavroz
 1	Stavo
 1	Static Dress
 1	Stardust
 1	Starcadian
 1	standards
 1	Stan Getz
 1	Stack Effect
 1	St. Panther
 1	St. Barbe
 1	squeeda
 1	Square Perception
 1	spüke
 1	SPXRXT
 1	SPLYXER
 1	Split Chain
 1	Spirit Fingers
 1	Spektrem
 1	Speed Radio
 1	SPEECHLESS
 1	Spectrum
 1	Special Request
 1	Spazzkid
 1	Sparkee
 1	Spacey Koala
 1	SpaceAcre
 1	Space Jesus
 1	southstar
 1	Sour
 1	soupandreas
 1	Soulwax
 1	Soul Wun
 1	Soul Island
 1	Soukah
 1	Soudiere
 1	Sorsari
 1	Sorcery
 1	sora
 1	Sophie Powers
 1	sophie meiers
 1	Sophie Marks
 1	Sophie Lindinger
 1	Sophie Hunger
 1	Sophie Barker
 1	SOPHIE
 1	Sony
 1	Sonny Side Up
 1	Sonny Fodera
 1	SONIKKU
 1	Sonia Ammar
 1	Songer
 1	Sonambient
 1	somunia
 1	somedeadbeat
 1	Somatoast
 1	Solvent
 1	Solsta
 1	Solomun & Stimming
 1	Solomon France
 1	Solomon Fesshaye
 1	Solicit
 1	softy
 1	Sofiane Pamart
 1	SOFI
 1	Sofasound
 1	SoDown
 1	sodistilled
 1	snuggle
 1	Snooze
 1	SneakyFreak
 1	Snakehips
 1	Snackbox
 1	Smoakland
 1	Smigonaut
 1	Smi.le
 1	SLUMB
 1	Slowboy
 1	Slow Hours
 1	Sloe Noon
 1	Slim.
 1	slenderbodies
 1	Sleepy Piano
 1	Sleepermane
 1	Sleepdealer
 1	Sleep Token
 1	Slayyyter
 1	Slackin Beats
 1	SL
 1	Skylar Grey
 1	Skyelle
 1	Skybreak
 1	skxllflower
 1	Skream
 1	Skip the Use
 1	Skillet
 1	SkiiTour
 1	Skepsiz
 1	Skeleten
 1	SJT
 1	Sixten
 1	Sitting Duck
 1	Sirah
 1	Sir Michael Rocks
 1	Sir Chloe
 1	SIPPY
 1	Sipper
 1	Sinéad Harnett
 1	Sinjin Hawke
 1	Simonne Jones
 1	Simona Shao
 1	Simon Goff
 1	Simon Doty
 1	Simon Chylinski
 1	Silver Liz
 1	Silk Static
 1	Silent Poets
 1	Siks
 1	SihAlex
 1	Signum
 1	sign crushes motorist
 1	Siavash
 1	Shyeye
 1	Shuzin
 1	Shuta Hasunuma
 1	Shurk
 1	Shunya
 1	Shum4n
 1	Shubh Saran
 1	Shroomyland
 1	Showyou
 1	ShotoStyle
 1	Shobaleader One
 1	ShiroNeko
 1	Shirobon
 1	shinyflvres
 1	Shinpei Nasuno
 1	Shinichi Osawa
 1	shing02
 1	SHIMA
 1	Shigeto
 1	Shierro
 1	Sheltered
 1	Sheldon
 1	SHEE
 1	Shay.
 1	Shawn Wasabi
 1	sharkbarksss
 1	Shara Nelson
 1	Shaolin Cowboy
 1	Shalosh
 1	SHAKING
 1	Shady Nasty
 1	Shad
 1	SG Lewis
 1	Sexy Sushi
 1	Sex Week
 1	Sewerslvt
 1	Seventh Noise
 1	Seth Schwarz
 1	Sergio Díaz De Rojas
 1	Serge Pavkin
 1	Serentium
 1	seonxi
 1	Sensu
 1	sensse
 1	Sensitizer
 1	Sensient
 1	Selah Sol
 1	Sekko
 1	Seiko Oomori
 1	Sega Bodega
 1	Secret Recipe
 1	Sebastian Kamae
 1	Sebastian Enequist
 1	Seb Zillner
 1	Sean Caskey
 1	Scott Quinn
 1	Schur
 1	Schroeder-Headz
 1	School of X
 1	Schnuffel
 1	Schiller
 1	Scattle
 1	Scarlett Scarlett
 1	Scandinavian Star
 1	Scampi
 1	Saya Gray
 1	Say Now
 1	Savoi
 1	Savel
 1	Save The Kid
 1	Satin Jackets
 1	Satellite
 1	sastruga
 1	Sasha Alex Sloan
 1	Sasha
 1	sasanomaly
 1	Sarah Palu
 1	Sarah Neufeld
 1	Sarah McIlwain
 1	Sarah Longfield
 1	Sarah Jay Hawley
 1	Sarah Jaffe
 1	Sarah Bonito
 1	Sara Kays
 1	santpoort
 1	Santigold
 1	Sans Soucis
 1	Sanjaux
 1	Sandunes
 1	Samuel Eisen-Meyers
 1	samo
 1	Samaran
 1	Samad Khan
 1	Sam Smith
 1	Sam Gellaitry
 1	Sam Ellwood
 1	Sam Day
 1	Sam Cliffe
 1	Sam Binga
 1	Sam Atlast
 1	Sam Akpro
 1	salyu × salyu
 1	Salvo
 1	SALOMEA
 1	Salif
 1	Sakura
 1	Saka
 1	Saiya Tiaw
 1	Sainte Vie
 1	Saint Sinner
 1	Saiming
 1	Said The Sky
 1	sai nara
 1	SAFIA
 1	SAFETY
 1	SadSvit
 1	SadBois
 1	Sace
 1	S U R V I V E
 1	S N U G
 1	rüüdy.
 1	RYTERBAND
 1	Ryan Coss
 1	rxi
 1	Ruthven
 1	Rutger Hoedemaekers
 1	Russ Millions
 1	Running Touch
 1	rumanske
 1	RUGI
 1	Rudimental
 1	RudeLies
 1	Ruby Wood
 1	Ruby Rushton
 1	RSCL
 1	ROZES
 1	Royel Otis
 1	ROY KNOX
 1	Rounhaa
 1	ROUND TABLE featuring Nino
 1	rosi
 1	Roses Gabor
 1	Rosendale
 1	Rose Gray
 1	Rose Droll
 1	Rosbeh
 1	ROSALÍA
 1	Rosa Walton
 1	Roo Panes
 1	RONA.
 1	Ron Puma
 1	Ron Carroll
 1	Roméo Testa
 1	Romare
 1	Rogyr
 1	Rogue
 1	Rodg
 1	Rod Stewart
 1	Rocco
 1	Robyn Hood
 1	Robustt
 1	Robin Schulz
 1	Robin Adams
 1	Robert Parker
 1	Robert Miles
 1	Rob Gasser
 1	Rob Araujo
 1	Ro Nova
 1	RJLA
 1	RJ Pasin
 1	Riva Starr
 1	Riton
 1	risus
 1	Rispaa
 1	riserayss
 1	Rippps
 1	RIOPY
 1	Rinôçérôse
 1	Rigby On The Run
 1	Ride
 1	Rico Nasty
 1	Richy Mitch & The Coal Miners
 1	Richard Spaven
 1	Rhys Lewis
 1	Rhode
 1	Rhino Betatron
 1	RFM Beats
 1	Rezz
 1	Rezident
 1	Rex Orange County
 1	Reuben Keeney
 1	Retrofuture
 1	Resonant Language
 1	Resavoir
 1	Reno Black
 1	Rein
 1	Reignwolf
 1	reidenshi
 1	REI SARAH
 1	Regressor
 1	Reflekt
 1	Redshape
 1	Red Snapper
 1	Rebūke
 1	Rebeka Warrior
 1	Rebecca & Fiona
 1	Re:um
 1	Ravyn Lenae
 1	Raury
 1	Rau_Ze
 1	Ratboys
 1	Rashid Ajami
 1	Raphael Hélion
 1	Rangleklods
 1	Rampa
 1	Ram7 II
 1	Rakhi Singh
 1	Raj Mahal
 1	Raito
 1	Rainych
 1	rainy bear
 1	Rainsford
 1	Rainbow Conspiracy
 1	Raimu
 1	Rae Morris
 1	Rachel K Collier
 1	Rabea Massaad
 1	R/D
 1	R.L. Beats
 1	R.A.P. Ferreira
 1	r-906
 1	Qzen
 1	QUIX
 1	Quiet Light
 1	QUIET BISON
 1	Quantic
 1	Quadeca
 1	QORA
 1	Qebrus
 1	Q-Tip
 1	Pêtr Aleksänder
 1	Pye Corner Audio
 1	PUSSYKILLER
 1	Pusher
 1	Purple Cloud
 1	Purity Filter
 1	Puppet
 1	Punzmann
 1	Puniden
 1	Punctual
 1	Public Enemy
 1	Psyuri
 1	Psychemagik
 1	Pryda
 1	Proximo
 1	Protocols
 1	Protocol Lab
 1	Prospa
 1	PROM
 1	Projekt Melody
 1	Proem
 1	Proc Fiskal
 1	Private Agenda
 1	Prismo
 1	Prins Thomas
 1	Princess Superstar
 1	Preston.
 1	Prequell
 1	premo
 1	Pras
 1	Powfu
 1	Power Druid
 1	Potatohead People
 1	Post Precious
 1	Portraits Of Tracy
 1	Portishead
 1	poolsideconvo
 1	Pool Girl
 1	Pongo
 1	Ponette
 1	Pomplamoose
 1	Polymod
 1	PolSky
 1	polnalyubvi
 1	Pollena
 1	POLKADOT STINGRAY
 1	poixone
 1	Poity
 1	POiSON GiRL FRiEND
 1	Pointy Features
 1	Pogo
 1	Pocket
 1	PnB Rock
 1	PNAU
 1	Pleizel
 1	Playboi Carti
 1	Plato
 1	Plaqueboymax
 1	pk
 1	Pixel Terror
 1	Pitch 92
 1	piri & tommy
 1	Pipa Moran
 1	PiNKII
 1	Pigeon John
 1	Piff Paff Piffi
 1	Pierce The Veil
 1	Pierce Fulton
 1	Piecey
 1	Photographic Memory
 1	Phoria
 1	Phonte
 1	phonon
 1	Phon.o
 1	Pholo
 1	Phoebe Bridgers
 1	Phlocalyst
 1	Philipp Johann Thimm
 1	Philip Daniel
 1	Phil Good
 1	Phantoms
 1	Pham
 1	Peyruis
 1	pewdiepie
 1	Petite Noir
 1	Peterparker69
 1	Peter Talisman
 1	Peter Sandberg
 1	Peter Jericho
 1	Peter Groskreutz
 1	Peter Bjorn and John
 1	Pete Tong
 1	Perfume Genius
 1	Perfume
 1	PEPPIN
 1	Pent Up Pup
 1	pennybirdrabbit
 1	Pencil Legs
 1	Peer Kusiv
 1	Pedestrian
 1	pecq
 1	Pearl Brothers
 1	PBR Streetgang
 1	Paveway
 1	Pavel Dovgal
 1	PAVANE
 1	Paulii
 1	Paul Williams
 1	Paul White
 1	Paul Keeley
 1	Paul Grant
 1	Paul Frick
 1	Patrick Leonard
 1	Pathcel Tarts
 1	Pat's Soundhouse
 1	Pat Carroll
 1	passengerprincess
 1	Pase Rock
 1	Party Tyme
 1	Party in Backyard
 1	Party Favor
 1	parkbreezy
 1	Paraleven
 1	Paradis
 1	Papadosio
 1	PandaRadio
 1	Pandar
 1	Panda Bear
 1	Panama
 1	Pan-Pot
 1	PAN BEATS
 1	paloé
 1	Palms Trax
 1	PALLIATE
 1	PALLADIAN
 1	Palace
 1	Painted Face
 1	Pacifix
 1	Pablo Nouvelle
 1	P!nk
 1	Oxart
 1	Owane
 1	OVSKY
 1	overscorn
 1	Outkast
 1	Out Run
 1	Ourson
 1	Ourchives
 1	Otto Knows
 1	OTR
 1	Otomania
 1	Otomachi Una
 1	OTO MAYUMI
 1	Otis James
 1	Otik
 1	OSRSBeatz
 1	Oscar Jerome
 1	OsamaSon
 1	Orono
 1	Ornette
 1	ORION
 1	Orbital
 1	Oppidan
 1	Opiuo
 1	OPENSTATE_
 1	Opensoundorchestra
 1	Opaline
 1	Ooyy
 1	onumi
 1	Onra
 1	Only Child Tyrant
 1	ONJUICY
 1	Oneeva
 1	OMFG
 1	Omfeel
 1	Olly Jenkins
 1	Olivier Day Soul
 1	Oliver Smith
 1	Oli Sykes
 1	Ole Biege
 1	Oktae
 1	Okapi
 1	OKADA
 1	Ok Cowgirl
 1	Ohota
 1	Oh Hiroshima
 1	Oh Blimey
 1	Ogi
 1	Of Two Minds
 1	ODNP
 1	Odezenne
 1	Ode to the Quiet
 1	Oddisee
 1	ocxone
 1	Ocxone
 1	Octavian
 1	OBu
 1	Obongjayar
 1	Oaks
 1	OAKK
 1	Nömak
 1	NÏKA
 1	N²
 1	Nymano
 1	Nyaruach
 1	Nuver
 1	Nutrition
 1	nuphory
 1	Nu Aspect
 1	Noé
 1	Novo Amor
 1	Novaa
 1	notinbed
 1	Nothingtosay
 1	not yes
 1	North Downs
 1	NORTH26
 1	NORTH
 1	Nori
 1	Nordfold
 1	Noordpool Orchestra
 1	None Like Joshua
 1	nomico
 1	Nokotan
 1	Nokiaa
 1	Nokae
 1	Noisecream
 1	Nohost
 1	Noga Erez
 1	Noflik
 1	Noclu
 1	Noche
 1	Nobodys Face
 1	Noah Yorke
 1	Noah B
 1	NOA LONE
 1	No_4mat
 1	Niven
 1	Nirvana
 1	NIO
 1	Niko B
 1	nightlight
 1	Nightcrawlers
 1	Night Swimming
 1	Night Shift
 1	Nigel Stanford
 1	Niels Orens
 1	nicopatty
 1	Nicolas Masseyeff
 1	Nicolas Bougaïeff
 1	Nico Harris
 1	Nicky Halt
 1	Nicky Elisabeth
 1	Nickelback
 1	Nick Batt
 1	Nicholas Britell
 1	Nic Hanson
 1	Nibana
 1	Nia Archives
 1	Nhato
 1	NF
 1	Never Spring
 1	Never
 1	nervous_testpilot
 1	NEOTEK
 1	neophron
 1	Neon Vectors
 1	NekoSnicker
 1	Neggy Gemmy
 1	NEFFEX
 1	Nedja
 1	Neat Beats
 1	Neal Slateford
 1	Neak
 1	Navie D
 1	Navaro
 1	NAUSYQA
 1	Nattica
 1	natori
 1	Nato Medrado
 1	Nathaniel Timoney
 1	Nathan Micay
 1	Nathan Hui-Yi
 1	Nate Traveller
 1	Nate Smith
 1	Natalie Red
 1	Natalie Layne
 1	NASAYA
 1	Nas
 1	Narvent
 1	Nao
 1	Nanatsukaze
 1	NANAOAKARI
 1	Namasenda
 1	Naisha
 1	Naibu
 1	NAGGA
 1	NABOWA
 1	N95
 1	N33T
 1	MÒZÂMBÎQÚE
 1	Måneskin
 1	M·Vantasy
 1	MYTH & ROID
 1	MysDiggi
 1	Myna Cycles
 1	Myd
 1	my head is empty
 1	my dead girlfriend
 1	Mx3
 1	Mux Mool
 1	Muse
 1	Murtagh
 1	Murdock
 1	Munan
 1	Muki
 1	Mufasa & Hypeman
 1	Mufasa
 1	MTNS
 1	Ms. Lauryn Hill
 1	Mrtm
 1	Mr.Kitty
 1	Mr. Sosa
 1	Mr. Pandemy
 1	Mr. Carmack
 1	MPH
 1	Move 78
 1	Mouth Water
 1	mouse on the keys
 1	Mount Alaska
 1	Mounika.
 1	MOTSA
 1	Motorcycle
 1	MOTHICA
 1	Moth Equals
 1	mossy.
 1	Moses Sumney
 1	Moses Boyd
 1	Mos Def
 1	Morten Granau
 1	morimori
 1	Mori Calliope
 1	morgxn
 1	Morganne
 1	Morgan Thomaso
 1	Mordela Morana
 1	mopearound
 1	Moose with a Scarf
 1	Moore
 1	Moongaï
 1	Moonchild Sanelly
 1	Moon Holiday
 1	Moon Boots
 1	Moods
 1	mood.
 1	Mood Talk
 1	Mood Bored
 1	Montell2099
 1	Monster Rally
 1	Monozaur
 1	Monomotion
 1	Monokle
 1	Monkey Safari
 1	mondëna quartet
 1	Mondëna Quartet
 1	Mondo Grosso
 1	Momoko Gill
 1	Molly Moonwater
 1	Mokobé
 1	Moji x Sboy
 1	Moi7nneuse Batteuse
 1	Mohna
 1	Mogwai
 1	Modern Day Babylon
 1	Mo Anando
 1	MNEK
 1	MKSTN
 1	MJ Lenderman
 1	Miyu Tomita
 1	Miyoki
 1	Mitski
 1	Mitch Silver
 1	Mischa
 1	misa
 1	Miroir
 1	Miriam Adefris
 1	Mire.
 1	miraie
 1	MINOVA
 1	Mini Trees
 1	Minami Kizuki
 1	Millennial Serial Killer
 1	MILKFISH
 1	Milk Talk
 1	Milk Man
 1	Milan Ring
 1	Mila Falls
 1	Mikito P
 1	Miki Matsubara
 1	mikeeysmind
 1	Mike Slammer
 1	Mike Posner
 1	Mike Forst
 1	Mikazuki BIGWAVE
 1	Miike Snow
 1	Miguel Atwood-Ferguson
 1	Miguel
 1	Migrant
 1	Mietze Conte
 1	midnight
 1	Midland
 1	Mick Mazoo
 1	Michhall
 1	MICHELLE
 1	Michele Nobler
 1	Michael Vincent Waller
 1	Michael Stein
 1	Michael Clifford
 1	Miami Horror
 1	Miae
 1	Mia Martina
 1	MGNA Crrrta
 1	MGB
 1	MFS
 1	MF DOOM
 1	MEUTE
 1	Metronomy
 1	Metrik
 1	Metaroom
 1	messwave
 1	Mereba
 1	Mercurio
 1	mental
 1	Men I Trust
 1	Memtrix
 1	Memphis Cult
 1	MEMBA
 1	Mellowdine
 1	meli
 1	Melano
 1	Mel Blue
 1	mei ehara
 1	Mega Drive
 1	Meeka Kates
 1	MEDUZA
 1	Medium Douce
 1	Mechatok
 1	me n ü
 1	MC Kevin o Chris
 1	MC Adad
 1	Mayn
 1	MAYLYN
 1	Maygo
 1	Maya Wolff
 1	MAY-A
 1	May The Muse
 1	Maxwell Young
 1	Maxwell Owin
 1	Maximilian Sink
 1	Max William
 1	Max Tundra
 1	mauv
 1	Mattr
 1	MATTON
 1	Mattilo
 1	Matthew Herbert
 1	matt mcwaters
 1	Mathilde Chevrel
 1	Mateus Asato
 1	Mat Hours
 1	MASS OF THE FERMENTING DREGS
 1	Mason Talbot
 1	mary in the junkyard
 1	Marvin Hey
 1	Maru Martinez
 1	Martron
 1	Martin Rott
 1	Martin Ikin
 1	Martin Hayes
 1	Martin Garrix
 1	marsquake
 1	Marsh
 1	Mars
 1	MARS
 1	Marlhy
 1	Mark Tarmonea
 1	Mark Schilders
 1	Mark Ronson
 1	Mark Pritchard
 1	Mark Lockheart
 1	Mark Guiliana Jazz Quartet
 1	Marjorie -W.C. Sinclair
 1	Mariye Ise
 1	Marie Plassard
 1	Marie Fisker
 1	Mari Samuelsen
 1	Margret
 1	Marcy Nabors
 1	Marcus D
 1	Marcos Valle
 1	Marco Faraone
 1	Marco Bernardis
 1	marchie
 1	Maple's Pet Dinosaur
 1	Manu Delago
 1	Manta
 1	Mansions On The Moon
 1	Mansionair
 1	Mannequin
 1	MANIK MC
 1	mangomango.
 1	Manchester Collective
 1	Manatee Commune
 1	MANARËM
 1	Man/Woman/Chainsaw
 1	MAN WITH A MISSION
 1	MAMI
 1	Malvae
 1	Malixe
 1	Maliki
 1	Mala Sangre
 1	Makoto San
 1	Makaya McCraven
 1	Makay
 1	Major Lazer
 1	majiko
 1	Majical
 1	maisou
 1	Maigo Hanyuu
 1	Mahri
 1	MAGUIRE
 1	Magnus Deus
 1	Magnificence
 1	mafti
 1	Maezi666
 1	Mael
 1	Maduk
 1	Madonna
 1	Madelyn Grant
 1	Maddy O'Neal
 1	Maddrigal
 1	Maddiemook
 1	Maddie Ashman
 1	MadDave
 1	Mad Twinz
 1	Macross 82-99
 1	Macon
 1	Macklemore
 1	Macaroni Empitsu
 1	Macabre Plaza
 1	Mac Quayle
 1	Mac DeMarco
 1	Mac Declos
 1	Maazel
 1	Maaya Uchida
 1	M.O.S.
 1	M.I.A.
 1	M.E.R.C
 1	M. Byrd
 1	M4NDY
 1	LŪN
 1	líue
 1	Låpsley
 1	LYSTRO
 1	Lyrah
 1	LYNY
 1	Lyncs
 1	Lyn Lapid
 1	Lymbyc Systym
 1	Lykke Li
 1	Lycoriscoris
 1	LXNGVX
 1	lvusm
 1	Luxe Laredo
 1	Luvli
 1	Luv Resval
 1	Luv8z
 1	Luude
 1	Luttrell
 1	Lupo Spaccaro
 1	LUNR
 1	lunne.
 1	Lunar Latitude
 1	LUNA
 1	Lumie
 1	Lumi Athena
 1	lulu
 1	Lully
 1	Luke Vibert
 1	Luke Martin
 1	Luisa Gerstein
 1	Lugovskiy
 1	LudoWic
 1	Lucy Dye
 1	Lucy Dacus
 1	Lucy Bedroque
 1	Lucles
 1	Lucid Monday
 1	Lucch
 1	Lucas Geddes
 1	Lucas & Steve
 1	Luca Francini
 1	Lubalin
 1	Luanmer
 1	LTE
 1	LSDREAM
 1	LRKR
 1	Lowswimmer
 1	Low Roar
 1	low mana
 1	Low Island
 1	Low
 1	lovpune
 1	lovemikai
 1	LOVELI LORI
 1	Love,Shaun
 1	Louisahhh
 1	Louis Fitton
 1	Louis Cole
 1	Louis & Clark
 1	Loudar
 1	Lou Rhodes
 1	Lotte Pen
 1	Lot
 1	Lorien Testard
 1	Lorenzo Senni
 1	Lord Of The Isles
 1	Loopop
 1	Long Island Sound
 1	Lonack
 1	Lomelda
 1	Logistics
 1	Logan Kane
 1	Lofigo
 1	Lofi Girl
 1	LOCKBOX
 1	LKS
 1	Lizzy Land
 1	Lizzie Berchie
 1	Living Room
 1	livetune
 1	Liv Grace Blue
 1	LITE
 1	Liset Alea
 1	Lisdoonvarna Crew
 1	Lisbet Fritze
 1	LISA
 1	Lip Filler
 1	Linney
 1	Linnea Schossow
 1	Linn Sandin
 1	link3
 1	Lindstrøm
 1	Linda XO
 1	Lina Tullgren
 1	Lily Moore
 1	Lilia
 1	Lil Yachty
 1	Lil Uzi Vert
 1	Lil Peep
 1	Life on Planets
 1	Lido
 1	LICK
 1	LibraLibra
 1	Liane Caroll
 1	Lia Kuri
 1	lia
 1	Leyla Diamondi
 1	Lexer
 1	Lewis James
 1	Lewis Hanton
 1	Lewis Grant
 1	Levi Niha
 1	Levi McClain
 1	Levex
 1	LEV
 1	Lethr
 1	Lester Duval
 1	Less Gravity
 1	LESKY
 1	les talents du secours pop
 1	Les keke-boys
 1	Leopold
 1	Leonz
 1	Leonell Cassio
 1	Leon Vynehall
 1	Leo Wood
 1	Leo Stannard
 1	Leo Janeiro
 1	Lensko
 1	Leith Sye Towers
 1	LEILAH
 1	LeeHi
 1	Leaving Laurel
 1	Leat'eq
 1	LEASHES
 1	Leah Yeger
 1	leah julia
 1	Le Youth
 1	LE SSERAFIM
 1	Le Dé
 1	Lazarus Moment
 1	Layzi
 1	Lawrence Walther
 1	LAVINIA
 1	Lavern
 1	Lava Hong
 1	Laurent Denis
 1	Laurence Guy
 1	LAUREL
 1	Laura Les
 1	latviankult
 1	Late Verlane
 1	Laszlo
 1	Last Island
 1	LaShun Pace
 1	Lara Somogyi
 1	Landis
 1	LamazeP
 1	Lali Puna
 1	Lakker
 1	Lake Taro
 1	Lady Blackbird
 1	Ladji Mouflet
 1	Ladi6
 1	Labyrinth Ear
 1	La Mar
 1	La Femme
 1	La Chanson Du Dimanche
 1	L'atune
 1	Köttslig
 1	Kölsch
 1	Kyle Pearce
 1	Kyle McEvoy
 1	Kyle Dixon
 1	Kyau & Albert
 1	Ky Vöss
 1	Kxllswxtch
 1	KXLLSWXTCH
 1	Kwizma
 1	Kwengface
 1	Kwake Bass
 1	Kuspe
 1	kurtains
 1	KuroUsa(WhiteFlame)
 1	Kuraine
 1	Kungs
 1	Kunaru
 1	Kuna Maze
 1	Kumo 99
 1	Kuma
 1	KROY
 1	Krooked Kings
 1	Krono
 1	Kronan
 1	Krewella
 1	Kozmodrum
 1	Kotatsu
 1	Kornél Kovács
 1	Koresma
 1	Koreskape
 1	kordz
 1	Konx-Om-Pax
 1	Konomi Suzuki
 1	Kollektiv Turmstrasse
 1	Kokoroko
 1	Kogane
 1	Kodak To Graph
 1	KOCHO
 1	kobasolo
 1	Koastle
 1	Knuckle Puck
 1	KNOWER
 1	Knoir
 1	Knife City
 1	Klô Pelgag
 1	KLP
 1	kLL sMTH
 1	KJ Sawka
 1	kitty ray
 1	Kite
 1	Kita Alexander
 1	KISS OF LIFE
 1	Kiss Facility
 1	Kisnou
 1	KISLO
 1	Kirikoukiri
 1	KIRARA
 1	kinoine
 1	Kinnship
 1	King Tee
 1	KING PALM
 1	Kind Regime
 1	kimj
 1	Kimbra
 1	Kim Petras
 1	Kilter
 1	KiloWatts
 1	Kiln
 1	Killen.
 1	Kill The Noise
 1	KILL SCRIPT
 1	Kill Paris
 1	Kill Eva
 1	Kikuo
 1	Kiko Bun
 1	Kiko
 1	Kiki<3
 1	kiki vivi lily
 1	Kiiara
 1	Kierxn
 1	Kieran Hemming
 1	Kieran Brunt
 1	Kidkanevil
 1	Kid Cudi
 1	Kid A
 1	Kick Bong
 1	Khary
 1	Khamsin
 1	Khalid
 1	Kevin Villecco
 1	Kevin Penkin
 1	Kessler
 1	Kesha
 1	KERO
 1	Keota
 1	Kenta Shimakawa
 1	Kenshi Yonezu
 1	Keni Sakuda
 1	Ken Carson
 1	Kehina
 1	Keenan Mathias
 1	KE-YEN
 1	KDYN
 1	Kazumi Tateishi Trio
 1	KAZU
 1	Kaya Thomas-Dyke
 1	Kauf
 1	Katy Perry
 1	KATSEYE
 1	Katie Tupper
 1	Katie Herzig
 1	Kate McGill
 1	Kate Bollinger
 1	Kasztan
 1	KAS:ST
 1	Karōshi
 1	Karra
 1	Kanisan
 1	Kangding Ray
 1	kamome sano
 1	KAM-BU
 1	Kalmi
 1	Kali Uchis
 1	Kali Mija
 1	KALEO
 1	kai
 1	Kaho Matsui
 1	Kacy Hill
 1	Kabin Crew
 1	Kabeção
 1	k?d
 1	K Motionz
 1	k0d4m4
 1	JYOCHO
 1	JVKE
 1	juu
 1	Justina Maria Soto
 1	Justin Hawkes
 1	Justin Bieber
 1	Justice Der
 1	JUST JAMES
 1	Jura7Park
 1	Juneau
 1	Jun Kuroda
 1	Juma Iking
 1	Juliet Ivy
 1	Julien Dyne
 1	Julien Chang
 1	Julien Baker
 1	Julie Christmas
 1	Juliana Chahayed
 1	Julian Gray
 1	Julian Calor
 1	Julia Stone
 1	Julia Kleijn
 1	JUICEB☮X
 1	Juice WRLD
 1	Juche
 1	JubyPhonic
 1	JT
 1	JPL
 1	JP Cooper
 1	Jozzy
 1	joyful
 1	Joy Orbison
 1	Jovani Occomy
 1	José González
 1	Joshua Crumbly
 1	Josh Nesmith
 1	Josh Lambert
 1	Josephine Philip
 1	Joseph Ashworth
 1	Joris Voorn
 1	Joris Rose
 1	Jordana
 1	Joomanji
 1	Jono McCleery
 1	Joni Fatora
 1	Jonathan Dour
 1	Jonah River
 1	Jon Kennedy
 1	Jojo Lorenzo
 1	John Stanier
 1	John Powell
 1	John Newman
 1	John Keek
 1	John Kameel Farah
 1	John Glacier
 1	John Frusciante
 1	John Dunder
 1	Johannes Heil
 1	Joey Izzo
 1	JoeB
 1	Joe Killington
 1	Joe Hisaishi
 1	Joe Beard
 1	Joe Armon-Jones
 1	Jodi 44
 1	Joce Mienniel
 1	JLV
 1	JKuch
 1	jives
 1	Jitwam
 1	Jimi Nxir
 1	Jim Yosef
 1	Jim Wallis
 1	Jim Perkins
 1	Jim Adkins
 1	JiLLi
 1	jiglr
 1	Jflexxx
 1	Jeune Oji
 1	Jessica Winter
 1	Jessica Kion
 1	Jesse Kendal
 1	Jess Glynne
 1	Jerome Isma-Ae
 1	Jeroen Antoine
 1	Jem Cooke
 1	Jelani Aryeh
 1	Jeigo
 1	Jehnny Beth
 1	Jed Holland
 1	Jean-Michel Jarre
 1	Jean-Michel Blais
 1	Jean du Voyage
 1	JAZZ BRAK
 1	Jaytech
 1	JayaHadADream
 1	Jay Som
 1	Jay Rock
 1	Jay Fite
 1	JAWNY
 1	Javeon
 1	Jason Ross
 1	Jason Nolan
 1	Jaro
 1	Jared Yee
 1	Japanese Breakfast
 1	Jantine
 1	Jamis
 1	Jamila Woods
 1	Jamie Lidell
 1	Jamie Leeming
 1	Jamie Foxx
 1	Jameszoo
 1	James Shinra
 1	James Egbert
 1	James Carter
 1	Jam City
 1	Jam2go
 1	Jake Bowen
 1	Jai Piccone
 1	Jagged Jaw
 1	JAE SOTO
 1	Jacob Pavek
 1	Jackson And His Computer Band
 1	Jack Vanzet
 1	Jack Shore
 1	Jack Kelly
 1	Jack Herer
 1	Jack & Jack
 1	jabeau
 1	Jabberwocky
 1	J.Manuel
 1	J. Albert
 1	j'san
 1	Izzy Bizu
 1	Izzamuzzic
 1	iwilldiehere
 1	Ivory Rasmus
 1	itssvd
 1	itsmebby
 1	Itro
 1	ItoShin
 1	it's murph
 1	Israel Strom
 1	Isolated
 1	isobel
 1	Ismatricule
 1	Isla June
 1	Isis Rose
 1	Ishi
 1	Isaiah
 1	Isabel LaRosa
 1	IS U IS U
 1	Ironmouse
 1	Irfane
 1	ionnalee
 1	Inüit
 1	Interplanetary Criminal
 1	Internet Girl
 1	INTERCOM
 1	Integrate
 1	Instupendo
 1	insaneintherain
 1	Insan3lik3
 1	Innes Watson
 1	INDI
 1	Inconsistent Me
 1	INCA
 1	INAU
 1	in the blue shirt
 1	Imprintafter
 1	imase
 1	Iman Omari
 1	Imaginary Friend
 1	ILLENIUM
 1	ill-esha
 1	ILIRA
 1	Iglew
 1	if found
 1	Idleboi
 1	ID Labs
 1	Ichiro Yamaguchi
 1	Ice Spice
 1	Ian Urbina
 1	Ian Carey Project
 1	iamamiwhoami
 1	I Virtuosi Italiani
 1	I See MONSTAS
 1	I DONT KNOW HOW BUT THEY FOUND ME
 1	I Built the Sky
 1	Hyroglifics
 1	Hypnagog
 1	Hyper
 1	Hybrid
 1	HXRT
 1	Husky
 1	Hundaes
 1	Human Movement
 1	Hugo TSR
 1	Hugo Massien
 1	Hugar
 1	Houston Ausmus
 1	HoneyWorks
 1	HONEYMOAN
 1	Honeyglaze
 1	Honey I'm Home
 1	Honey B Larochelle
 1	holybones
 1	Holly Waxwing
 1	Holly
 1	Hollow Ship
 1	Holiday87
 1	Holdo
 1	HoKø
 1	Hofn
 1	Ho - Kago Tea Time
 1	hkmori
 1	Hkmk
 1	HIROWS
 1	Himera
 1	Hilts
 1	Hiltipop
 1	Hiko Momoji
 1	High Contrast
 1	Hidden Face
 1	Hicky & Kalo
 1	HI-LO
 1	HEZEN
 1	heylucas
 1	Hey Champ
 1	Hero Baldwin
 1	Hernan Cattaneo
 1	Herbert
 1	Hentai Xander
 1	Hentai Dude
 1	Hensonn
 1	Henry Young
 1	Henry Krinkle
 1	Henrik Lindstrand
 1	henhouse!
 1	Hendy
 1	Hells Kitchen
 1	helloworld
 1	Hello Meteor
 1	Heimanu
 1	Heather Janssen
 1	Heatace
 1	Hearts2Hearts
 1	Headache
 1	Hayley Stewart
 1	Hayden James
 1	Hava
 1	Hauschka
 1	Hatti Vatti
 1	Hasegawa
 1	harvo
 1	haruka nakamura
 1	Harry Teardrop
 1	Harry Stone
 1	Harrison Mayo
 1	Haquin
 1	Happy Imaeda
 1	Hanz
 1	Hannah Sumner
 1	Hannah Diamond
 1	Hanari
 1	Hanae
 1	Hana Lili
 1	Hammer
 1	hallow
 1	Hallie Coggins
 1	Half Moon Run
 1	Hako Yamazaki
 1	Hainbach
 1	Haider
 1	Haddadi Von Engst
 1	Hablot Brown
 1	Habe
 1	haak
 1	GÆRARD
 1	GVN
 1	Guz Zanotto
 1	Guy Garvey
 1	Gustavo Bravetti
 1	Gush
 1	Gunna
 1	gum.mp3
 1	Guizmo
 1	Gudo Rewinds
 1	GRZZAK
 1	Groupthink
 1	Groove Dealers
 1	GROJ
 1	Grizzly Bear
 1	Grissini Project
 1	GRIP
 1	GrimLoverz!
 1	GrimesAI
 1	Grigoré
 1	Greta Link
 1	Grems
 1	Gregory Dillon
 1	Gregor Tresher
 1	Gregor Schwellenbach
 1	Greg Wakeman
 1	Greg Spero
 1	Greentea Peng
 1	Green Ring
 1	Green Eyes
 1	Grant Lazlo
 1	Grand Soleil
 1	Grand Pavilion
 1	Graham Ulicny
 1	Grace Ives
 1	GR33NY
 1	Goya
 1	Gotts Street Park
 1	GOSTO
 1	gorse panshawe
 1	Gorgon City
 1	Goreshit
 1	Gore girl
 1	Gordo
 1	Goosebumpz
 1	Goopsteppa
 1	goodlife
 1	Good Tiger
 1	Good Posture
 1	Goldie
 1	GoldFish
 1	Goldenfang Records
 1	golda may
 1	GnB Chili
 1	Gnarls Barkley
 1	GLO
 1	Glimlip
 1	Glass Figure
 1	GLASHER
 1	Glades
 1	Glacier
 1	Glacci
 1	Giulia Tess
 1	Girlfriends
 1	Girlfriend Wife
 1	Gillian Frame
 1	Gigi D'Agostino
 1	Giga
 1	Gianpace
 1	GHOSTSHELL
 1	Ghostemane
 1	Geysers
 1	Georgie O'Brien
 1	George Clanton
 1	GenriX
 1	Genix
 1	Genius Of Time
 1	Genevieve Artadi
 1	Generacja JAZZ
 1	Gen Hoshino
 1	Gemie
 1	Geejuh
 1	Gavlyn
 1	Gaullin
 1	Gas
 1	Gary Go
 1	Garrett Lodge
 1	GANZ
 1	GameChops
 1	Galshi Revolution
 1	galen tipton
 1	Galdive
 1	Gabriela Robin
 1	G over
 1	g3ox_em
 1	Fyfe Dangerfield
 1	FWLR
 1	fwd/slash
 1	Future Magics
 1	Funtti
 1	Funny Weather
 1	funny
 1	Funkagenda
 1	fungeey
 1	funeral
 1	FULLCLIP
 1	Fulgeance
 1	Fukuhara Haruka
 1	Fuka Lata
 1	Fujii Kaze
 1	fugue
 1	Fugees
 1	Fugee
 1	Ftlframe
 1	fss.s
 1	frutiger dillon
 1	FROZT
 1	Frozenn
 1	frown line
 1	Frost
 1	FROMTHEHEART
 1	fromis_9
 1	Fried Dough
 1	Freya Staer
 1	Freedom Fighters
 1	Free Nationals
 1	Frederic Robinson
 1	Freddie Gibbs
 1	Fred V
 1	Fred Falke
 1	Freaks & Geeks
 1	Freak Slug
 1	Franky Wah
 1	Franko Ovalles
 1	Frank Ocean
 1	Frank Hopkins
 1	Frank Carter & The Rattlesnakes
 1	Franc Moody
 1	Franc
 1	Frameworks
 1	Fracture
 1	Foxes
 1	fourwalls
 1	Fourge
 1	Fort Romeau
 1	Forest Knot
 1	FootRocket
 1	Fontaines D.C.
 1	Fold
 1	Fokushi
 1	Foals
 1	Flynn Hendry
 1	FlukeLuke
 1	Flowdan
 1	Florida Skyline
 1	Floriane Le Pottier
 1	Florence + The Machine
 1	FLOHIO
 1	Flock of Dimes
 1	Flo the Kid
 1	Flint
 1	Flikka
 1	Flight Facilities
 1	Flea
 1	Flaws
 1	flawguri
 1	Flare
 1	Flanafi
 1	fknsyd
 1	FKJ
 1	fkblnde
 1	Fizzarum
 1	Five Deez
 1	Finding Mero
 1	Fifi
 1	Fiete
 1	Fickle Vibe
 1	fia
 1	FEYNMAN
 1	Fever Ray
 1	Fetty Wap
 1	Ferdous
 1	Ferdinand Dreyssig
 1	FEMTOGO
 1	Felty
 1	Felix Rösch
 1	Felix Laband
 1	Felix Fleer
 1	Feint
 1	Feeliks
 1	feeding | ear
 1	fedo DJ
 1	Federico Albanese
 1	Faye Webster
 1	FAST BOY
 1	Fashawn
 1	FARR
 1	Far East Movement
 1	Faodail
 1	Falside
 1	Falls
 1	Fall Colors
 1	Falcon Funk
 1	Fakear
 1	FAKE TYPE.
 1	Faithless
 1	Fahjah
 1	Fadi Mohem
 1	Fader Lima
 1	Fade Evare
 1	Fabrizio Rat
 1	Fabrice Moreau
 1	Ezequiel Arias
 1	Eynka
 1	Exyl
 1	Extrana
 1	Exs
 1	Exorbiter
 1	Evil B
 1	Evernew
 1	EvenS
 1	Eva Grace
 1	ev.exi
 1	Eurohead
 1	eunki
 1	Euføeni
 1	Ethanplus
 1	Eternxlkz
 1	Eswyn
 1	Estiva
 1	Esteve
 1	Ess2Mad
 1	ESP
 1	Esha Tewari
 1	ERRx
 1	Erol Sarp
 1	Erol Alkan
 1	Erkka
 1	ericdoa
 1	Eric Carmen The Non Binary Sandman
 1	Eran Hersh
 1	Enzo Bennet
 1	Enui
 1	ENRA
 1	Enola
 1	ENNY
 1	English Teacher
 1	Enfant Sauvage
 1	endless withdrawal
 1	eNCODE
 1	ENCASSATOR
 1	enable secret
 1	Emuuto
 1	Empress Of
 1	Emoter
 1	Emo Bot 9000
 1	Emma-Jean Thackray
 1	Emily Yacina
 1	Emily Magpie
 1	Emile Haynie
 1	Emil Rottmayer
 1	Emerson Leif
 1	Ember Island
 1	Emancipator
 1	Em Beihold
 1	Elyn
 1	Elxnce
 1	ELWD
 1	Elskavon
 1	Eloquin
 1	Elodin
 1	elmo
 1	Elmar
 1	ellie d.
 1	Ella Woolsey
 1	Ella Noël
 1	Elkka
 1	ELIZA
 1	Eliminate
 1	Elias Corvan
 1	Elena Pitoulis
 1	Elektronomia
 1	Eleftherios
 1	Electro-Light
 1	Electro Deluxe
 1	Electric Guest
 1	elderflower
 1	Elder Island
 1	Ela Minus
 1	EKKSTACY
 1	Ekkoflok
 1	Ekko & Sidetrack
 1	Ekko
 1	Ekali
 1	Einmusik
 1	Ehiorobo
 1	EH!DE
 1	eevee
 1	EEVA
 1	Eerf Evil
 1	Eefje de Visser
 1	EDOGA-SULLIVAN
 1	Ed Harrison
 1	Echoes
 1	Echo Romeo
 1	Echo Juliet
 1	Ebony Loren
 1	ear
 1	Dynox
 1	Dynoro
 1	dye
 1	Dwara
 1	Durante
 1	Duke Dumont
 1	Duke & Jones
 1	Duffrey
 1	DubVision
 1	Dualistic
 1	Dua Saleh
 1	Dtwice
 1	Dry
 1	Drux
 1	Drove
 1	drip-133
 1	Drinker
 1	driftcat
 1	Drew North
 1	Dresage
 1	dreamsuite
 1	Drake
 1	Dr. Dundiff
 1	Downtown Binary
 1	Dove Ellis
 1	Dov'è Liana
 1	Dotlights
 1	Dot Prime
 1	Dot Major
 1	Doss
 1	Dosem
 1	Dosbomb.
 1	Dorothea
 1	Dorian Electra
 1	DOREY
 1	Dora Jar
 1	Dopamine
 1	Donmoyer
 1	Dominique
 1	Dominic Fike
 1	Domenique Dumont
 1	Dolphin Machine
 1	Dolor
 1	Doja Cat
 1	doggone
 1	dobi
 1	Do Sliz
 1	DnB Allstars
 1	DNA
 1	Dmitry Selipanov
 1	DLG.
 1	Djrum
 1	DJmegan23
 1	djeb
 1	dj-Nate
 1	DJ Tigerstyle
 1	DJ Tennis
 1	dj something
 1	Dj Smokey
 1	DJ Samentro
 1	DJ Ryow a.k.a. Smooth Current
 1	DJ Rell
 1	DJ Red Alert
 1	DJ Pharris
 1	DJ Oskar
 1	DJ Okawari
 1	DJ Limited
 1	DJ Kayz
 1	DJ Greem
 1	DJ Falcon
 1	DJ ELO
 1	Dj Cutman
 1	DJ Carpenter
 1	Disphing
 1	Dismantle
 1	Disfigure
 1	Discobitch
 1	Dion Timmer
 1	Diode Eins
 1	Dillon
 1	Dillistone
 1	Dillan Witherow
 1	Dilip
 1	DIIV
 1	Diet Cig
 1	Dieselle
 1	Dibyo
 1	diaphane
 1	Diamond Pistols
 1	Dezza
 1	Dezko
 1	Dexcell
 1	Devault
 1	Devath
 1	DEV
 1	DETO BLACK
 1	Desmond Cheese
 1	DESH
 1	Derek Martin
 1	Der Dritte Raum
 1	Departure
 1	dennisivnvc
 1	Deniz Reno
 1	delline bass
 1	DellaXOZ
 1	Delilah Montagu
 1	Delhia De France
 1	delay_ok
 1	delaney.
 1	Delac
 1	DEL-30
 1	Deftones
 1	defend
 1	Deepend
 1	deep glens
 1	Deejay Laura
 1	DECO*27
 1	Declan Welsh and The Decadent West
 1	Declan Knapp
 1	Deathpact
 1	Death From Above 1979
 1	Dear Evergreen
 1	Deaf Kev
 1	deadman 死人
 1	DEAD BATTERY
 1	De Lorra
 1	DBONES
 1	Dazey
 1	Daydreamer
 1	Dawncall
 1	Dawn of Midi
 1	davvn
 1	Davide Costa
 1	David Walters
 1	David Shaw and The Beat
 1	David Marston
 1	David Hohme
 1	David Bergmüller
 1	Davey Havok
 1	Daudi Matsiko
 1	dashie
 1	Darmon
 1	Darm
 1	Darkhalo
 1	Darius
 1	Dario Lessing
 1	DARGZ
 1	Daragh Fleming
 1	Dapayk solo
 1	Danyka Nadeau
 1	Danny Ras
 1	Danny Dwyer
 1	DANN
 1	danjerr
 1	daniktertri
 1	Daniel Thrasher
 1	Daniel Rosenfeld
 1	Daniel Levi
 1	Daniel Joshua
 1	Daniel Hope
 1	Daniel Deluxe
 1	Daniel Avery
 1	Dancing Cows
 1	Dance With the Dead
 1	Dan Wieten
 1	Dan Kubo
 1	Dan Izco
 1	Dan Caine
 1	Damon C. Scott
 1	Damabiah
 1	Dal
 1	Daisy Guttridge
 1	Daisy Brain
 1	Daisuke Tanabe
 1	D.Miller
 1	D-Block Europe
 1	D Double E
 1	d4vd
 1	Czarny HIFI
 1	Cyph4
 1	Cynthoni
 1	Cxssidy
 1	cxlt.
 1	Cuushe
 1	Curtis Harding
 1	Cults
 1	Cult Of Luna
 1	Cubbie
 1	Cub Sport
 1	Cryonaut
 1	Crown The Empire
 1	Crosstalk
 1	Croquet Club
 1	Crooked Bangs
 1	Crocodile Scissor Cut
 1	Croatian Amor
 1	Cristina Soto
 1	Creeds
 1	Creams
 1	Creach
 1	Craven Faults
 1	cranes
 1	Crackazat
 1	cr1tter
 1	CQ Wrestling
 1	Counterfeit Madison
 1	Cosmic Koala
 1	Cory Wong
 1	corto.alto
 1	Corporate
 1	COPYCATT
 1	Coolgirl
 1	Contrecoeur
 1	Conro
 1	ConcernedApe
 1	Computer Kill
 1	Compound
 1	Commodo
 1	Coloray
 1	Colloboh
 1	College
 1	COLLAR
 1	Colin Hay
 1	Coldplay
 1	Cola Boyy
 1	Cola
 1	CODIA
 1	codex33
 1	Coddneck
 1	Clément Belio
 1	cluda
 1	Club 8
 1	Clozee
 1	CLOVES
 1	Cloudchord
 1	Closure in Moscow
 1	Close to Monday
 1	Cleo Sol
 1	Cleffy
 1	Clearcast
 1	clear eyes
 1	Cldr
 1	Clark Rainbow
 1	Clara Kimera
 1	Claptone
 1	CLANN
 1	Clairo
 1	CJ’s Mirra Maze
 1	Citylights
 1	Cise Starr & Akin from CYNE
 1	Circumference
 1	Circadian
 1	Circa Waves
 1	CIOZ
 1	CIEL
 1	ciaffa
 1	Chymera
 1	CHYL
 1	Chuck D
 1	Chrystal
 1	Chromatics
 1	Christopher Larkin
 1	Christopher Dennis Coleman
 1	Christophe Panzani
 1	Christian Hayward
 1	Christell
 1	Chris Thile
 1	Chris Quinton
 1	Chris Potter
 1	Chris Mazuera
 1	Chris Lake
 1	Chris Christodoulou
 1	Chris Brown
 1	Chloe Bodur
 1	Chinese American Bear
 1	Chime Garlands
 1	Chime
 1	Chilly Gonzales
 1	Childish Gambino
 1	CHIKA
 1	CHiCO with HoneyWorks
 1	Chesuqi
 1	Chelou
 1	CHEEKS
 1	Chediak
 1	Chase.:R
 1	Chartreuse
 1	Charlotte Haining
 1	Charlie Stacey
 1	Charles Oliver
 1	Chappaqua Wrestling
 1	Chantier et Demoli7ion
 1	Chanpan
 1	Chanel Beads
 1	Chancla
 1	Champion
 1	Chambre Noire
 1	CFCF
 1	Cella
 1	cell m8
 1	Celestino
 1	Cecilia Gault
 1	Cece Natalie
 1	Cayenne
 1	Cautious Clay
 1	Caterina Barbieri
 1	Cate Downey
 1	Cat Burns
 1	Casually Here
 1	CassCity
 1	Casper Hill
 1	Casiio
 1	cashiotta
 1	Cashh
 1	Cartoon Theory
 1	Cartoon
 1	Carrie
 1	Carpenter Brut
 1	carolesdaughter
 1	Carmody
 1	Carly Rae Jepsen
 1	Carly Cosgrove
 1	CARLWILLSON
 1	Carlo Whale
 1	Carla Monroe
 1	Carbon Killer
 1	Caramella Girls
 1	Captainsparklez
 1	Captain Mustache
 1	Capital Cities
 1	Caoilfhionn Rose
 1	Canti
 1	Canopy
 1	Canonblade
 1	Canking
 1	canary yellow
 1	Campbell
 1	Camellia
 1	Camel Power Club
 1	Cam Steen
 1	Calvin Harris
 1	Calivania
 1	Caleb Peters
 1	Cake Pop
 1	Cage The Elephant
 1	Cafuné
 1	Caesars
 1	Cadmium Nightcore
 1	Cadillac
 1	Cadenza
 1	Cabro Artico
 1	Cab Canavaral
 1	C.H.A.Y.
 1	c678924
 1	C4FF31N3
 1	BYNX
 1	Bwoy De Bhajan
 1	Buunshin
 1	Button Masher
 1	BURNOUT SYNDROMES
 1	Burn Water
 1	BUNT.
 1	BunnieZ
 1	BUDD
 1	Buck Meek
 1	BT
 1	bsd.u
 1	Bryce Bishop
 1	Brothertiger
 1	Brooks
 1	BROODS
 1	Brontide
 1	BRONSON
 1	BRONCHO
 1	Britney Spears
 1	Bright Lights
 1	Bricksquash
 1	Brick + Mortar
 1	Briana Marela
 1	Brendon Moeller
 1	Brekky Boy
 1	Breanne Düren
 1	breakcore girl
 1	Brayden Potts
 1	Braxton Cook
 1	Braxton
 1	Braxe + Falcon
 1	Brandy
 1	Branchez
 1	Brambles
 1	Brainwaltzera
 1	Brad Mullins
 1	BPM15Q
 1	Boys Noize
 1	boygenius
 1	Boy Without Batteries
 1	Boy Beverly
 1	boy 2000
 1	Boxplot
 1	Boxcutter
 1	Bossfight
 1	borne
 1	Boreta
 1	BORDER 242
 1	Bootie Grove
 1	Bootie Brown
 1	Boombox Experiments
 1	Boom Kitty
 1	Boogie Belgique
 1	Boo
 1	Bonjr
 1	Bonjour Suzuki
 1	bong
 1	Bondi
 1	Bon-Psy
 1	Bon Iver
 1	bomull
 1	BOKI
 1	Boh Doran
 1	Bob Moses
 1	Boats
 1	Boards Of Canada
 1	Bnj
 1	Blümchen
 1	blythe
 1	Blusher
 1	Blur
 1	BluntOne
 1	Blue Noir
 1	Blue Man Group
 1	Blue Foundation
 1	Blue Foster
 1	BLUE ENCOUNT
 1	Blossum
 1	Blood Orange
 1	BLOND:ISH
 1	BLOMMA
 1	Blitz The Ambassador
 1	blind.scream
 1	Bleerd Cleabs
 1	bleach.bath
 1	blanketdragon
 1	Blank Banshee
 1	Blanco
 1	Blanck Mass
 1	Blamstrain
 1	Blake.08
 1	Blackbird Blackbird
 1	Black Gryph0n
 1	black balloons
 1	bk
 1	BJ Burton
 1	binki
 1	Billy Marchiafava
 1	BilliumMoto
 1	Billionhappy
 1	Bill Laurance
 1	Biig Piig
 1	Bigflo & Oli
 1	Big Sean
 1	Bianca
 1	BIA
 1	bh
 1	bgirl
 1	Beyond Moments
 1	Bettye LaVette
 1	betterluckmason
 1	Betical
 1	Bess Atwell
 1	Besitos
 1	Beshken
 1	berryblue
 1	Bernhoft
 1	Berner
 1	Benzsoul
 1	Bentley Dean
 1	Bensley
 1	Benoît Pioulard
 1	Benny Sings
 1	Benny Benassi
 1	Benjamin Zephaniah
 1	Benjamin Moussay
 1	Benjamin Diamond
 1	Benet Walsh
 1	Bendik HK
 1	Ben Levin
 1	Ben Frost
 1	BELELA
 1	Beffect
 1	BeeGee
 1	Bedtimes
 1	Becking
 1	Becca Hatch
 1	Beaux Neptune
 1	Beauty's Confusion
 1	Beau Nox
 1	beau
 1	Beat Saber
 1	Bea Miller
 1	bdrmm
 1	bby
 1	BBQ
 1	bbno$
 1	bb
 1	Bay Ledges
 1	Bawo
 1	Bathe Alone
 1	Bassnectar
 1	Bassie Kay
 1	Basement
 1	Bas
 1	BARx
 1	Barney Artist
 1	Banyan
 1	BANKS
 1	Balthazar
 1	Baldocaster
 1	Balbina
 1	Bailey Baum
 1	BAILE
 1	Baen Mow
 1	Badger
 1	Bad Omens
 1	Bace
 1	BabyTron
 1	Baby Jane
 1	Baby B3ns
 1	Babebee
 1	Babatunde Adebimpe
 1	Baalti
 1	B-Real
 1	Azuzu
 1	Azuria Sky
 1	Aziya
 1	Azekel
 1	Azedia
 1	azayaka
 1	Aylior
 1	Ayesha Erotica
 1	Awe Kid
 1	AVISO
 1	AVIRA
 1	Aver
 1	Avenza
 1	Autonomy
 1	Automatic
 1	Autechre
 1	AUST
 1	Augustus Ghost
 1	Audioslave
 1	Audego
 1	Atticus Rush
 1	Attic Beats
 1	Atrip
 1	Atrice
 1	ATOEM
 1	Atli Örvarsson
 1	atlgrandma
 1	Atlantic Chill
 1	Athian Akec
 1	Atelier
 1	ATB
 1	Atari Music
 1	AstroPilot
 1	Astrid S
 1	Astrale
 1	ASM
 1	Ashley Alisha
 1	Ashh
 1	ASHFIVE
 1	Asher Postman
 1	Asher Kosher
 1	Ashbringer
 1	Ash Nova
 1	Asdek
 1	Asaya
 1	Asagaya Romantics
 1	Arvo Pärt
 1	Artyom Manukyan
 1	ARTY
 1	Artist
 1	Artio
 1	Arthur Yoria
 1	Arthur Verocai
 1	artemis orion
 1	Artec
 1	Arlo Parks
 1	Arkasia
 1	Ariza
 1	Aristide____
 1	Ariana Grande
 1	Areni Aghbabian
 1	Ardisia
 1	Arden Jones
 1	Arctic Monkeys
 1	Arcane
 1	Arcando
 1	Arca
 1	Arandel
 1	araabMUZIK
 1	AR/CO
 1	April
 1	Apophis
 1	Aphonic
 1	Ape School
 1	Apashe
 1	Aoi Teshima
 1	Anzo
 1	Anyma
 1	Anya Nami
 1	Anup Sastry
 1	AntsLive
 1	ANOTR
 1	Another One Down!
 1	Anonymouz
 1	Anomie Belle
 1	Anodyne
 1	Anna Yvette
 1	Anna Meredith
 1	Anna De Bruin
 1	Anish Kumar
 1	Animuz Anime Piano
 1	Animal Trainer
 1	ANIMA!
 1	Anika
 1	Aniah Alves
 1	angelrot
 1	Angelica Bess
 1	Angel Taylor
 1	Angara
 1	Andy Stott
 1	Andromedik
 1	Andrew Aged
 1	Andrea Rizzo
 1	Andhim
 1	Andachan
 1	And So I Watch You from Afar
 1	anbuu
 1	ANAÏS MVA
 1	Anatole
 1	Analogue Monsta
 1	Analogue Dear
 1	Amyl and The Sniffers
 1	Amy Winehouse
 1	Amy Root
 1	Amy Millan
 1	amne
 1	Amine Farsi
 1	amies
 1	Amelia Jones
 1	Ambyion
 1	Ambulo
 1	Amber Coffman
 1	Amaria
 1	Amanda Zamolo
 1	Amanda Joy
 1	alyzea
 1	Alx Beats
 1	AlunaGeorge
 1	Alter/Ego
 1	Alstroemeria
 1	ALPHI
 1	Alora
 1	Alon Mor
 1	Alok
 1	almogfx
 1	Allthingslost
 1	Alligatorz
 1	Allegra Miles
 1	All Saints
 1	Alison May
 1	Alison Goldfrapp
 1	Alisa Xayalith
 1	Alisa Takigawa
 1	Alicia Keys
 1	Alice Ivy
 1	Alice Duport-Percier
 1	Alexis Taylor
 1	Alexis Roberts
 1	Alexandre Trotel
 1	Alexa Harley
 1	alex_g_offline
 1	Alex Wann
 1	Alex Stein
 1	alex martian
 1	Alex Kehm
 1	Alex Hentze
 1	Alex Gravett
 1	Alex Banin
 1	Alex Aris
 1	Alex Arcoleo
 1	Alesso
 1	Alessandro Cortini
 1	Alesda!
 1	ALEPH
 1	Alcemist
 1	Alastor
 1	Alan Walker
 1	Alaina Pamela
 1	Al'Tarba
 1	Akīn
 1	Akurei
 1	Aktive
 1	Akirasdad
 1	Akira Complex
 1	AKIBA
 1	akiaura
 1	Ak47 - Anton
 1	Airmow
 1	Airelle Besson
 1	AINO
 1	Aiming for Enrike
 1	Aili
 1	Aho Ssan
 1	Aging Aeroplanes
 1	Agents Of Time
 1	After Wes
 1	After
 1	Affelaye
 1	AF13
 1	aex aeternum
 1	Aethoro
 1	Aeriu Ika
 1	Aera
 1	Adriano Koch
 1	Adrianne Lenker
 1	Adrian Lutley
 1	adore
 1	Adibanti
 1	Adam Turley
 1	Adam Tell
 1	Adam Port
 1	Adam Neely
 1	Adam K & Soha
 1	Adam Johnson
 1	Adam Freeland
 1	ADAM at
 1	Active Child
 1	acloudyskye
 1	Ace Hashimoto
 1	ABSRDST
 1	Absolutely
 1	Abel Balder
 1	Abe
 1	Abakus
 1	Aatocaster
 1	Aatig
 1	aaron's book club
 1	Aaron Taylor
 1	Aaron Smith
 1	Aaron Hibell
 1	Aaron Ahrends
 1	aadithyaa
 1	A.M.R
 1	A-Trak
 1	a r u k a.
 1	A Good Year
 1	A Girl Named Sue
 1	[bsd.u]
 1	[.que]
 1	&ME
 1	$stdout
 1	3421
 1	3010
 1	2045
 1	2003 Toyota Corolla
 1	65daysofstatic
 1	53 Thieves
 1	49th & Main
 1	48thSt
 1	33 Below
 1	21 Savage
 1	8mm
 1	6arelyhuman
 1	3zeon
 1	3STRANGE
 1	2XM
 1	2smokeyy
 1	2nd Exit
 1	1tbsp
 1	1f1n1ty